{
    "Name": "Smoker",
    "Description": "A smoker used to smoke fish and cheese.",
    "Price": 1,
    "ProvidesLight": false,
    "ReserveNextIndex": true,
    "Recipe":
    {
        "ResultCount": 1,
        "Ingredients": [
        {
            "Object": 335,
            "Count": 10,
        },
        {
            "Object": 382,
            "Count": 20,
        }, ],
        "CanPurchase": false,
    },
    "NameLocalization":
    {
        "es": "",
        "ko": "",
        "de": "",
        "fr": "",
        "hu": "",
        "it": "",
        "ja": "",
        "pt": "",
        "ru": "",
        "tr": "",
        "zh": "",
    },
    "DescriptionLocalization":
    {
        "es": "",
        "ko": "",
        "de": "",
        "fr": "",
        "hu": "",
        "it": "",
        "ja": "",
        "pt": "",
        "ru": "",
        "tr": "",
        "zh": "",
    }
}