{
    "Name": "Still",
    "Description": "A distillation system used to make liquor.",
    "Price": 1,
    "ProvidesLight": false,
    "ReserveNextIndex": false,
    "Recipe":
    {
        "ResultCount": 1,
        "Ingredients": [
        {
            "Object": 335,
            "Count": 5,
        },
        {
            "Object": 334,
            "Count": 10,
        }, ],
        "CanPurchase": false,
    },
    "NameLocalization":
    {
        "es": "",
        "ko": "",
        "de": "",
        "fr": "",
        "hu": "",
        "it": "",
        "ja": "",
        "pt": "",
        "ru": "",
        "tr": "",
        "zh": "",
    },
    "DescriptionLocalization":
    {
        "es": "",
        "ko": "",
        "de": "",
        "fr": "",
        "hu": "",
        "it": "",
        "ja": "",
        "pt": "",
        "ru": "",
        "tr": "",
        "zh": "",
    }
}