{
    "Name": "Fruit Yogurt",
    "Description": "Yogurt with the flavor of a fruit.",
    "Category": "ArtisanGoods",
    "Edibility": 22,
    "Price": 125,
    "IsColored": false,
    "Recipe": null,
    "GiftTastes":
    {
        "Like": ["Abigail", "Alex", "Caroline", "Clint", "Demetrius", "Dwarf", "Elliott", "Emily", "Evelyn", "George", "Gus", "Haley", "Harvey", "Jas", "Jodi", "Krobus", "Leah", "Lewis", "Linus", "Marnie", "Maru", "Pam", "Penny", "Pierre", "Robin", "Sam", "Sandy", "Shane", "Vincent", "Willy", "Wizard"],
        "Hate": ["Kent", "Sebastian"],
    },
    "NameLocalization":
    {
        "es": "Yogur frutal",
         // "ko": "",
        "de": "Fruchtjoghurt",
         // "fr": "",
         // "hu": "",
         // "it": "",
         // "ja": "",
         // "pt": "",
         // "ru": "",
         // "tr": "",
        "zh": "水果酸奶",
    },
    "DescriptionLocalization":
    {
        "es": "Yogurt con sabor a fruta.",
         // "ko": "",
        "de": "Joghurt mit dem Geschmack einer Frucht.",
         // "fr": "",
         // "hu": "",
         // "it": "",
         // "ja": "",
         // "pt": "",
         // "ru": "",
         // "tr": "",
        "zh": "这罐酸奶有水果的味道。",
    }
}