{
    "Name": "Stout",
    "Description": "A dark, roasty porter fermented from barley malt. Drink in moderation.",
    "Category": "ArtisanGoods",
    "Edibility": 6,
    "EdibleIsDrink": true,
    "EdibleBuffs":
    {
        "Farming": 0,
        "Fishing": 0,
        "Mining": 0,
        "Luck": 0,
        "Foraging": 0,
        "MaxStamina": 0,
        "MagnetRadius": 0,
        "Speed": -2,
        "Defense": 0,
        "Attack": 0,
        "Duration": 180,
    },
    "Price": 300,
    "IsColored": false,
    "Recipe": null,
    "GiftTastes":
    {
        "Love": ["Pam", "Shane"],
        "Like": ["Gus"],
        "Neutral": ["Marnie", "Clint", "George", "Sebastian", "Abigial", "Alex", "Caroline", "Demetrius", "Dwarf", "Elliott", "Emily", "Evelyn", "Haley", "Harvey", "Jodi", "Kent", "Krobus", "Leah", "Lewis", "Linus", "Maru", "Pierre", "Robin", "Sam", "Sandy", "Willy", "Wizard"],
        "Dislike": ["Penny"],
        "Hate": ["Vincent", "Jas"]
    },
    "NameLocalization":
    {
        "es": "Stout",
         // "ko": "",
        "de": "Stout",
         // "fr": "",
         // "hu": "",
         // "it": "",
         // "ja": "",
         // "pt": "",
         // "ru": "",
         // "tr": "",
        "zh": "烈性啤酒",
    },
    "DescriptionLocalization":
    {
        "es": "Una oscura bebida fermentada, a partir de malta de cebada tostada. Beber con moderación.",
         // "ko": "",
        "de": "Ein obergäriges Bier. Genieß es in Maßen.",
         // "fr": "",
         // "hu": "",
         // "it": "",
         // "ja": "",
         // "pt": "",
         // "ru": "",
         // "tr": "",
        "zh": "一种由大麦麦芽发酵而成的深色的、酒精浓度高的波特酒。适量饮酒。",
    }
}