{
  "Name": "Green Kombucha",
  "Description": "A standard Kombucha made with Green Tea.",
  "Category": "ArtisanGoods",
  "Edibility": 18,
  "EdibleIsDrink": true,
  "Price": 500,
  "IsColored": false,
  "Recipe": null,
  "GiftTastes": {
	"Love": ["Harvey", "Sebastian"],
	"Like": ["Alex", "Caroline", "Clint", "Demetrius", "Dwarf", "Emily", "Evelyn", "George", "Gus", "Haley", "Jodi", "Kent", "Krobus", "Leah", "Lewis", "Linus", "Marnie", "Maru", "Pam", "Penny", "Pierre", "Robin", "Sandy", "Shane", "Willy", "Wizard"],
	"Dislike": ["Abigail", "Elliott", "Jas", "Sam", "Vincent"],
  },
  "NameLocalization":
    {
         // "es": "",
         // "ko": "",
         // "de": "",
         // "fr": "",
         // "hu": "",
         // "it": "",
         // "ja": "",
         // "pt": "",
         // "ru": "",
         // "tr": "",
        "zh": "绿茶康普茶",
    },
    "DescriptionLocalization":
    {
         // "es": "",
         // "ko": "",
         // "de": "",
         // "fr": "",
         // "hu": "",
         // "it": "",
         // "ja": "",
         // "pt": "",
         // "ru": "",
         // "tr": "",
        "zh": "用绿茶制成的标准康普茶。",
    }
}
