{
    "Name": "Wasabi Mayonnaise",
    "Description": "It's slightly tinted green.",
    "Category": "ArtisanGoods",
    "Edibility": -300,
    "Price": 240,
    "IsColored": false,
    "Recipe": null,
    "GiftTastes":
    {
        "Love": ["Krobus"],
        "Like": ["Harvey", "Leah", "Linus", "Shane"],
        "Neutral": ["Demetrius", "Emily", "Jodi", "Kent", "Maru", "Penny", "Sandy"],
        "Dislike": ["Abigail", "Alex", "Caroline", "Clint", "Dwarf", "Elliott", "Evelyn", "George", "Gus", "Lewis", "Marnie", "Pam", "Pierre", "Robin", "Sam", "Sebastian", "Willy", "Wizard"],
        "Hate": ["Haley", "Jas", "Vincent"],
    },
    "NameLocalization":
    {
        "es": "Mayonesa de wasabi",
         // "ko": "",
        "de": "Wasabi Mayonnaise",
         // "fr": "",
         // "hu": "",
         // "it": "",
         // "ja": "",
         // "pt": "",
         // "ru": "",
         // "tr": "",
        "zh": "芥末沙拉酱",
    },
    "DescriptionLocalization":
    {
        "es": "Ligeramente teñida de verde.",
         // "ko": "",
        "de": "Es ist leicht grün getönt.",
         // "fr": "",
         // "hu": "",
         // "it": "",
         // "ja": "",
         // "pt": "",
         // "ru": "",
         // "tr": "",
        "zh": "它看上去透着点绿。",
    }
}