﻿{
    "Name": "Sake",
    "Description": "A wine fermented from rice. Drink in moderation.",
    "Category": "ArtisanGoods",
    "Edibility": 16,
    "EdibleIsDrink": true,
    "EdibleBuffs":
    {
        "Farming": 0,
        "Fishing": 0,
        "Mining": 0,
        "Luck": 0,
        "Foraging": 0,
        "MaxStamina": 0,
        "MagnetRadius": 0,
        "Speed": -2,
        "Defense": 0,
        "Attack": 0,
        "Duration": 180,
    },
    "Price": 300,
    "IsColored": false,
    "Recipe": null,
    "GiftTastes":
    {
        "Love": ["Pam", "Shane"],
        "Like": ["Gus", "Sebastian"],
        "Neutral": ["Marnie", "Clint", "George", "Abigial", "Alex", "Caroline", "Demetrius", "Dwarf", "Elliott", "Emily", "Evelyn", "Haley", "Harvey", "Jodi", "Kent", "Krobus", "Leah", "Lewis", "Linus", "Maru", "Pierre", "Robin", "Sam", "Sandy", "Willy", "Wizard"],
        "Dislike": ["Penny"],
        "Hate": ["Vincent", "Jas"]
    },
    "NameLocalization":
    {
        "es": "Sake",
         // "ko": "",
        "de": "Sake",
         // "fr": "",
         // "hu": "",
         // "it": "",
         // "ja": "",
         // "pt": "",
         // "ru": "",
         // "tr": "",
        "zh": "日本米酒",
    },
    "DescriptionLocalization":
    {
        "es": "Una bebida fermentada a partir de arroz. Beber con moderación.",
         // "ko": "",
        "de": "Ein aus Reis fermentierter Wein. Genieße Ihn in Maßen.",
         // "fr": "",
         // "hu": "",
         // "it": "",
         // "ja": "",
         // "pt": "",
         // "ru": "",
         // "tr": "",
        "zh": "一种由大米发酵的酒。适量饮酒。",
    }
}