{
    "Name": "Cottonseed Oil",
    "Description": "An oil pressed from cotton seeds often used as a substitution for vegetable oils.",
    "Category": "ArtisanGoods",
    "Edibility": -300,
    "Price": 150,
    "IsColored": false,
    "Recipe": null,
    "GiftTastes":
    {
        "Dislike": ["Abigail", "Alex", "Caroline", "Clint", "Demetrius", "Dwarf", "Elliott", "Emily", "Evelyn", "George", "Gus", "Haley", "Harvey", "Jas", "Jodi", "Kent", "Krobus", "Leah", "Lewis", "Linus", "Marnie", "Maru", "Pam", "Penny", "Pierre", "Robin", "Sam", "Sandy", "Sebastian", "Shane", "Vincent", "Willy", "Wizard"],
    },

    "NameLocalization":
    {
        "es": "Aceite de algodón",
         // "ko": "",
        "de": "Baumwollsamenöl",
         // "fr": "",
         // "hu": "",
         // "it": "",
         // "ja": "",
         // "pt": "",
         // "ru": "",
         // "tr": "",
        "zh": "棉花籽油",
    },
    "DescriptionLocalization":
    {
        "es": "Un aceite de semillas de algodón a menudo se utiliza como una sustitución de los aceites vegetales.",
         // "ko": "",
        "de": "Ein aus Baumwollsamen gepresstes Öl, das oft als Ersatz für Pflanzenöle verwendet wird.",
         // "fr": "",
         // "hu": "",
         // "it": "",
         // "ja": "",
         // "pt": "",
         // "ru": "",
         // "tr": "",
        "zh": "一种由棉花籽压榨而成的油，通常用作植物油的替代品。",
    }
}