{
    "Name": "Vodka",
    "Description": "A spirit distilled from potatoes. Drink in moderation.",
    "Category": "ArtisanGoods",
    "Edibility": 16,
    "EdibleIsDrink": true,
    "EdibleBuffs":
    {
        "Farming": 0,
        "Fishing": 0,
        "Mining": 0,
        "Luck": 0,
        "Foraging": 0,
        "MaxStamina": 0,
        "MagnetRadius": 0,
        "Speed": -4,
        "Defense": 0,
        "Attack": 0,
        "Duration": 420,
    },
    "Price": 300,
    "IsColored": false,
    "Recipe": null,
    "GiftTastes":
    {
        "Love": ["Pam", "Shane"],
        "Like": ["Gus"],
        "Neutral": ["Marnie", "Clint", "George", "Sebastian", "Abigial", "Alex", "Caroline", "Demetrius", "Dwarf", "Elliott", "Emily", "Evelyn", "Haley", "Harvey", "Jodi", "Kent", "Krobus", "Leah", "Lewis", "Linus", "Maru", "Pierre", "Robin", "Sam", "Sandy", "Willy", "Wizard"],
        "Dislike": ["Penny"],
        "Hate": ["Vincent", "Jas"]
    },
    "NameLocalization":
    {
        "es": "Vodka",
         // "ko": "",
        "de": "Wodka",
         // "fr": "",
         // "hu": "",
         // "it": "",
         // "ja": "",
         // "pt": "",
         // "ru": "",
         // "tr": "",
        "zh": "伏特加",
    },
    "DescriptionLocalization":
    {
        "es": "Una bebida destilada a partir de papas. Beber con moderación.",
         // "ko": "",
        "de": "Ein Geist destilliert aus Kartoffeln. Trink ihn in Maßen.",
         // "fr": "",
         // "hu": "",
         // "it": "",
         // "ja": "",
         // "pt": "",
         // "ru": "",
         // "tr": "",
        "zh": "一种由土豆蒸馏而成的烈酒。适量饮酒。",
    }
}