{
    "Name": "Juicer",
    "Description": "Turns fruit into freshly squeezed juice.",
    "Price": 1,
    "ProvidesLight": false,
    "ReserveNextIndex": false,
    "Recipe":
    {
        "ResultCount": 1,
        "Ingredients": [
        {
            "Object": 709,
            "Count": 10,
        },
        {
            "Object": 335,
            "Count": 20,
        },
	{
            "Object": 575,
            "Count": 1,
        }, ],
        "CanPurchase": false,
    },
    "NameLocalization":
    {
        "es": "",
        "ko": "",
        "de": "",
        "fr": "",
        "hu": "",
        "it": "",
        "ja": "",
        "pt": "",
        "ru": "",
        "tr": "",
        "zh": "",
    },
    "DescriptionLocalization":
    {
        "es": "",
        "ko": "",
        "de": "",
        "fr": "",
        "hu": "",
        "it": "",
        "ja": "",
        "pt": "",
        "ru": "",
        "tr": "",
        "zh": "",
    }
}