{
  "Name": "Purple Kombucha",
  "Description": "A purple tea-like drink made from fermented mushrooms.",
  "Category": "ArtisanGoods",
  "Edibility": 6,
  "EdibleIsDrink": true,
  "Price": 300,
  "IsColored": false,
  "Recipe": null,
"GiftTastes": {
    "Love": ["Wizard", "Demetrius", "Harvey", "Leah", "Linus", "Sebastian"],
"Like": ["Abigail", "Alex", "Clint", "Emily", "Evelyn", "George", "Gus", "Kent", "Lewis", "Marnie", "Maru", "Pam", "Robin", "Sandy"],
    "Neutral": ["Caroline", "Dwarf", "Elliott", "Haley", "Jodi", "Krobus", "Penny", "Pierre", "Sam", "Shane", "Willy"],
"Dislike": ["Jas", "Vincent"]
  },
  "NameLocalization":
    {
         // "es": "",
         // "ko": "",
         // "de": "",
         // "fr": "",
         // "hu": "",
         // "it": "",
         // "ja": "",
         // "pt": "",
         // "ru": "",
         // "tr": "",
        "zh": "紫蘑菇康普茶",
    },
    "DescriptionLocalization":
    {
         // "es": "",
         // "ko": "",
         // "de": "",
         // "fr": "",
         // "hu": "",
         // "it": "",
         // "ja": "",
         // "pt": "",
         // "ru": "",
         // "tr": "",
        "zh": "一种由发酵紫蘑菇制成的类似紫色茶的饮料。",
    }
}
