﻿{
    "Name": "Goat Butter",
    "Description": "Soft, tangy butter made from goat’s milk.",
    "Category": "ArtisanGoods",
    "Edibility": 22,
    "Price": 300,
    "IsColored": false,
    "Recipe": null,
    "GiftTastes":
    {
        "Love": ["Gus"],
        "Like": ["Abigail", "Alex", "Caroline", "Clint", "Demetrius", "Dwarf", "Elliott", "Emily", "Evelyn", "George", "Haley", "Harvey", "Jodi", "Krobus", "Leah", "Lewis", "Linus", "Marnie", "Maru", "Pam", "Penny", "Pierre", "Robin", "Sam", "Sandy", "Shane", "Willy", "Wizard"],
        "Dislike": ["Jas", "Kent", "Vincent"],
        "Hate": ["Sebastian"],
    },
    "NameLocalization":
    {
        "es": "Mantequilla de cabra",
         // "ko": "",
        "de": "Ziegenbutter",
         // "fr": "",
         // "hu": "",
         // "it": "",
         // "ja": "",
         // "pt": "",
         // "ru": "",
         // "tr": "",
        "zh": "羊奶黄油",
    },
    "DescriptionLocalization":
    {
        "es": "Mantequilla suave y ácida hecha de leche de cabra.",
         // "ko": "",
        "de": "Weiche, spritzige Butter aus Ziegenmilch.",
         // "fr": "",
         // "hu": "",
         // "it": "",
         // "ja": "",
         // "pt": "",
         // "ru": "",
         // "tr": "",
        "zh": "用羊奶制作的柔软且有浓郁味道的黄油。",
    }
}