{
  "Name": "Red Kombucha",
  "Description": "A cautionary tale in kombucha recipes.",
  "Category": "ArtisanGoods",
  "Edibility": -50,
  "Price": 150,
  "IsColored": false,
  "Recipe": null,
"GiftTastes": {
      "Hate": ["Jas", "Vincent", "Abigail", "Alex", "Caroline", "Clint", "Demetrius", "Dwarf", "Elliott", "Emily", "George", "Gus", "Evelyn", "Jodi", "Kent", "Krobus", "Lewis", "Marnie", "Maru", "Pam", "Penny", "Pierre", "Robin", "Sam", "Sandy", "Sebastian", "Shane", "Willy", "Wizard", "Haley", "Harvey", "Leah", "Linus"],
  },
  "NameLocalization":
    {
         // "es": "",
         // "ko": "",
         // "de": "",
         // "fr": "",
         // "hu": "",
         // "it": "",
         // "ja": "",
         // "pt": "",
         // "ru": "",
         // "tr": "",
        "zh": "红蘑菇康普茶",
    },
    "DescriptionLocalization":
    {
         // "es": "",
         // "ko": "",
         // "de": "",
         // "fr": "",
         // "hu": "",
         // "it": "",
         // "ja": "",
         // "pt": "",
         // "ru": "",
         // "tr": "",
        "zh": "研究康普茶配方中的一个教训。",
    }
}
