{
    "Name": "Barley Malt",
    "Description": "A roasted cereal grain that's used in processing alcohol.",
    "Category": "ArtisanGoods",
    "Edibility": -300,
    "Price": 150,
    "IsColored": false,
    "Recipe": null,
    "GiftTastes":
    {
        "Dislike": ["Abigail", "Alex", "Caroline", "Clint", "Demetrius", "Dwarf", "Elliott", "Emily", "Evelyn", "George", "Gus", "Haley", "Harvey", "Jas", "Jodi", "Kent", "Krobus", "Leah", "Lewis", "Linus", "Marnie", "Maru", "Pam", "Penny", "Pierre", "Robin", "Sam", "Sandy", "Sebastian", "Shane", "Vincent", "Willy", "Wizard"],
    },
    "NameLocalization":
    {
        "es": "Malta de cebada",
         // "ko": "",
        "de": "Gerstenmalz",
         // "fr": "",
         // "hu": "",
         // "it": "",
         // "ja": "",
         // "pt": "",
         // "ru": "",
         // "tr": "",
        "zh": "大麦麦芽",
    },
    "DescriptionLocalization":
    {
        "es": "Un grano de cereal tostado que se utiliza en el procesamiento de alcohol.",
         // "ko": "",
        "de": "Ein geröstetes Getreidekorn, das bei der Verarbeitung von Alkohol verwendet wird.",
         // "fr": "",
         // "hu": "",
         // "it": "",
         // "ja": "",
         // "pt": "",
         // "ru": "",
         // "tr": "",
        "zh": "一种烤谷物，用于加工酒精。",
    }
}