{
    "Name": "Smoked Ocean Fish",
    "Description": "A simple dish of smoked ocean fish. It was smoking for hours.",
    "Category": "ArtisanGoods",
    "Edibility": 60,
    "Price": 100,
    "IsColored": false,
    "Recipe": null,
    "GiftTastes":
    {
        "Dislike": ["Abigail", "Alex", "Caroline", "Clint", "Dwarf", "Emily", "George", "Gus", "Harvey", "Jas", "Jodi", "Kent", "Krobus", "Leah", "Lewis", "Marnie", "Maru", "Penny", "Robin", "Sam", "Sandy", "Shane", "Vincent", "Wizard"],
        "Hate": ["Evelyn", "Haley", "Pierre"],
    },
    "NameLocalization":
    {
         // "es": "",
         // "ko": "",
         // "de": "",
         // "fr": "",
         // "hu": "",
         // "it": "",
         // "ja": "",
         // "pt": "",
         // "ru": "",
         // "tr": "",
         // "zh": "",
    },
    "DescriptionLocalization":
    {
         // "es": "",
         // "ko": "",
         // "de": "",
         // "fr": "",
         // "hu": "",
         // "it": "",
         // "ja": "",
         // "pt": "",
         // "ru": "",
         // "tr": "",
         // "zh": "",
    }
}