{
    "Name": "Alembic",
    "Description": "Distills flowers, fruits, herbs, and vegetables into essential oils.",
    "Price": 1,
    "ProvidesLight": false,
    "ReserveNextIndex": true,
    "Recipe":
    {
        "ResultCount": 1,
        "Ingredients": [
        {
            "Object": 334,
            "Count": 5,
        },
        {
            "Object": 766,
            "Count": 50,
        },
        {
            "Object": 709,
            "Count": 10,
        }, ],
        "CanPurchase": false,
    },
    "NameLocalization":
    {
        "es": "",
        "ko": "",
        "de": "",
        "fr": "",
        "hu": "",
        "it": "",
        "ja": "",
        "pt": "",
        "ru": "",
        "tr": "",
        "zh": "",
    },
    "DescriptionLocalization":
    {
        "es": "",
        "ko": "",
        "de": "",
        "fr": "",
        "hu": "",
        "it": "",
        "ja": "",
        "pt": "",
        "ru": "",
        "tr": "",
        "zh": "",
    }
}