{
  "Name": "Oolong Kombucha",
  "Description": "A standard Kombucha made with Oolong Tea.",
  "Category": "ArtisanGoods",
  "Edibility": 26,
  "EdibleIsDrink": true,
  "Price": 750,
  "IsColored": false,
  "Recipe": null,
  "GiftTastes": {
	"Love": ["Sebastian"],
    "Like": ["Alex", "Caroline", "Clint", "Demetrius", "Dwarf", "Elliott", "Emily", "Evelyn", "George", "Gus", "Harvey", "Jodi", "Kent", "Leah", "Lewis", "Linus", "Marnie", "Maru", "Pam", "Penny", "Pierre","Robin", "Sam", "Sandy", "Shane", "Willy", "Wizard"],
	"Neutral": ["Abigail", "Haley"],
	"Dislike": ["Jas", "Krobus", "Vincent"],
  },
  "NameLocalization":
    {
         // "es": "",
         // "ko": "",
         // "de": "",
         // "fr": "",
         // "hu": "",
         // "it": "",
         // "ja": "",
         // "pt": "",
         // "ru": "",
         // "tr": "",
        "zh": "乌龙康普茶",
    },
    "DescriptionLocalization":
    {
         // "es": "",
         // "ko": "",
         // "de": "",
         // "fr": "",
         // "hu": "",
         // "it": "",
         // "ja": "",
         // "pt": "",
         // "ru": "",
         // "tr": "",
        "zh": "乌龙茶制作的标准康普茶。",
    }
}
