﻿[
	// Still

	{
		"ProducerName": "Still", 
		"InputIdentifier": "Almond", 
		"InputStack": 2, 
		"FuelIdentifier": null, 
		"FuelStack":4, 
		"MinutesUntilReady": 2360, 
		"OutputIdentifier":"Amaretto",  
		"OutputName": null, 
		"CompoundOutputName": null, 
		"PreserveType": null, 
		"InputPriceBased": false, 
		"OutputPriceIncrement": 200, 
		"OutputPriceMultiplier": 2.5, 
		"KeepInputQuanlity": false, 
		"OutputQuality": 0, 
		"OutputStack": 1, 
		"Sounds": ["Ship"], 
		"PlacingAnimation": "Fire", 
		"PlacingAnimationColorName": "White", 
	},
	{
		"ProducerName": "Still", 
		"InputIdentifier": -80, 
		"InputStack": 1, 
		"FuelIdentifier": null, 
		"FuelStack":4, 
		"MinutesUntilReady": 2360, 
		"OutputIdentifier":"Bitter",  
		"OutputName": "Bitter", 
		"CompoundOutputName": "Suffix", 
		"PreserveType": null, 
		"InputPriceBased": true, 
		"OutputPriceIncrement": 0, 
		"OutputPriceMultiplier": 2, 
		"KeepInputQuanlity": false, 
		"OutputQuality": 0, 
		"OutputStack": 1, 
		"Sounds": ["Ship"], 
		"PlacingAnimation": "Fire", 
		"PlacingAnimationColorName": "White", 
	},
	{
		"ProducerName": "Still", 
		"InputIdentifier": "Corn Malt", 
		"InputStack": 1, 
		"FuelIdentifier": null, 
		"FuelStack":4, 
		"MinutesUntilReady": 2360, 
		"OutputIdentifier":"Bourbon",  
		"OutputName": null, 
		"CompoundOutputName": null, 
		"PreserveType": null, 
		"InputPriceBased": false, 
		"OutputPriceIncrement": 200, 
		"OutputPriceMultiplier": 2.5, 
		"KeepInputQuanlity": false, 
		"OutputQuality": 0, 
		"OutputStack": 1, 
		"Sounds": ["Ship"], 
		"PlacingAnimation": "Fire", 
		"PlacingAnimationColorName": "White", 
	},
	{
		"ProducerName": "Still", 
		"InputIdentifier": 348, 
		"InputStack": 1, 
		"FuelIdentifier": null, 
		"FuelStack":4, 
		"MinutesUntilReady": 6000, 
		"OutputIdentifier":"Brandy",  
		"OutputName": null, 
		"CompoundOutputName": null, 
		"PreserveType": null, 
		"InputPriceBased": false, 
		"OutputPriceIncrement": 200, 
		"OutputPriceMultiplier": 2.5, 
		"KeepInputQuanlity": false, 
		"OutputQuality": 0, 
		"OutputStack": 1, 
		"Sounds": ["Ship"], 
		"PlacingAnimation": "Fire", 
		"PlacingAnimationColorName": "White", 
	},
	{
		"ProducerName": "Still", 
		"InputIdentifier": "Juniper Berry", 
		"InputStack": 1, 
		"FuelIdentifier": null, 
		"FuelStack":4, 
		"MinutesUntilReady": 2360, 
		"OutputIdentifier":"Gin",  
		"OutputName": null, 
		"CompoundOutputName": null, 
		"PreserveType": null, 
		"InputPriceBased": false, 
		"OutputPriceIncrement": 200, 
		"OutputPriceMultiplier": 2.5, 
		"KeepInputQuanlity": false, 
		"OutputQuality": 0, 
		"OutputStack": 1, 
		"Sounds": ["Ship"], 
		"PlacingAnimation": "Fire", 
		"PlacingAnimationColorName": "White", 
	},
	{
		"ProducerName": "Still", 
		"InputIdentifier": "Maguey", 
		"InputStack": 1, 
		"FuelIdentifier": null, 
		"FuelStack":4, 
		"MinutesUntilReady": 1600, 
		"OutputIdentifier":"Mezcal",  
		"OutputName": null, 
		"CompoundOutputName": null, 
		"PreserveType": null, 
		"InputPriceBased": false, 
		"OutputPriceIncrement": 200, 
		"OutputPriceMultiplier": 2.5, 
		"KeepInputQuanlity": false, 
		"OutputQuality": 0, 
		"OutputStack": 1, 
		"Sounds": ["Ship"], 
		"PlacingAnimation": "Fire", 
		"PlacingAnimationColorName": "White", 
	},
	{
		"ProducerName": "Still", 
		"InputIdentifier": 270, 
		"InputStack": 1, 
		"FuelIdentifier": null, 
		"FuelStack":4, 
		"MinutesUntilReady": 1600, 
		"OutputIdentifier":"Moonshine",  
		"OutputName": null, 
		"CompoundOutputName": null, 
		"PreserveType": null, 
		"InputPriceBased": false, 
		"OutputPriceIncrement": 200, 
		"OutputPriceMultiplier": 2.5, 
		"KeepInputQuanlity": false, 
		"OutputQuality": 0, 
		"OutputStack": 1, 
		"Sounds": ["Ship"], 
		"PlacingAnimation": "Fire", 
		"PlacingAnimationColorName": "White", 
	},
	{
		"ProducerName": "Still", 
		"InputIdentifier": "Sugar Cane", 
		"InputStack": 1, 
		"FuelIdentifier": null, 
		"FuelStack":4, 
		"MinutesUntilReady": 2360, 
		"OutputIdentifier":"Rum",  
		"OutputName": null, 
		"CompoundOutputName": null, 
		"PreserveType": null, 
		"InputPriceBased": false, 
		"OutputPriceIncrement": 200, 
		"OutputPriceMultiplier": 2.5, 
		"KeepInputQuanlity": false, 
		"OutputQuality": 0, 
		"OutputStack": 1, 
		"Sounds": ["Ship"], 
		"PlacingAnimation": "Fire", 
		"PlacingAnimationColorName": "White", 
	},
	{
		"ProducerName": "Still", 
		"InputIdentifier": "Barley Malt", 
		"InputStack": 1, 
		"FuelIdentifier": null, 
		"FuelStack":4, 
		"MinutesUntilReady": 6000, 
		"OutputIdentifier":"Scotch",  
		"OutputName": null, 
		"CompoundOutputName": null, 
		"PreserveType": null, 
		"InputPriceBased": false, 
		"OutputPriceIncrement": 200, 
		"OutputPriceMultiplier": 2.5, 
		"KeepInputQuanlity": false, 
		"OutputQuality": 0, 
		"OutputStack": 1, 
		"Sounds": ["Ship"], 
		"PlacingAnimation": "Fire", 
		"PlacingAnimationColorName": "White", 
	},
	{
		"ProducerName": "Still", 
		"InputIdentifier": "Sweet Potato", 
		"InputStack": 1, 
		"FuelIdentifier": null, 
		"FuelStack":4, 
		"MinutesUntilReady": 6000, 
		"OutputIdentifier":"Shochu",  
		"OutputName": null, 
		"CompoundOutputName": null, 
		"PreserveType": null, 
		"InputPriceBased": false, 
		"OutputPriceIncrement": 200, 
		"OutputPriceMultiplier": 2.5, 
		"KeepInputQuanlity": false, 
		"OutputQuality": 0, 
		"OutputStack": 1, 
		"Sounds": ["Ship"], 
		"PlacingAnimation": "Fire", 
		"PlacingAnimationColorName": "White", 
	},
	{
		"ProducerName": "Still", 
		"InputIdentifier": "Blue Agave", 
		"InputStack": 1, 
		"FuelIdentifier": null, 
		"FuelStack":4, 
		"MinutesUntilReady": 6000, 
		"OutputIdentifier":"Tequila",  
		"OutputName": null, 
		"CompoundOutputName": null, 
		"PreserveType": null, 
		"InputPriceBased": false, 
		"OutputPriceIncrement": 200, 
		"OutputPriceMultiplier": 2.5, 
		"KeepInputQuanlity": false, 
		"OutputQuality": 0, 
		"OutputStack": 1, 
		"Sounds": ["Ship"], 
		"PlacingAnimation": "Fire", 
		"PlacingAnimationColorName": "White", 
	},
	{
		"ProducerName": "Still", 
		"InputIdentifier": 398, 
		"InputStack": 1, 
		"FuelIdentifier": null, 
		"FuelStack":4, 
		"MinutesUntilReady": 6000, 
		"OutputIdentifier":"Vermouth",  
		"OutputName": null, 
		"CompoundOutputName": null, 
		"PreserveType": null, 
		"InputPriceBased": false, 
		"OutputPriceIncrement": 200, 
		"OutputPriceMultiplier": 2.5, 
		"KeepInputQuanlity": false, 
		"OutputQuality": 0, 
		"OutputStack": 1, 
		"Sounds": ["Ship"], 
		"PlacingAnimation": "Fire", 
		"PlacingAnimationColorName": "White", 
	},
	{
		"ProducerName": "Still", 
		"InputIdentifier": 192, 
		"InputStack": 1, 
		"FuelIdentifier": null, 
		"FuelStack":4, 
		"MinutesUntilReady": 6000, 
		"OutputIdentifier":"Vodka",  
		"OutputName": null, 
		"CompoundOutputName": null, 
		"PreserveType": null, 
		"InputPriceBased": false, 
		"OutputPriceIncrement": 200, 
		"OutputPriceMultiplier": 2.5, 
		"KeepInputQuanlity": false, 
		"OutputQuality": 0, 
		"OutputStack": 1, 
		"Sounds": ["Ship"], 
		"PlacingAnimation": "Fire", 
		"PlacingAnimationColorName": "White", 
	},
	{
		"ProducerName": "Still", 
		"InputIdentifier": "Wheat Malt", 
		"InputStack": 1, 
		"FuelIdentifier": null, 
		"FuelStack":4, 
		"MinutesUntilReady": 6000, 
		"OutputIdentifier":"Whiskey",  
		"OutputName": null, 
		"CompoundOutputName": null, 
		"PreserveType": null, 
		"InputPriceBased": false, 
		"OutputPriceIncrement": 200, 
		"OutputPriceMultiplier": 2.5, 
		"KeepInputQuanlity": false, 
		"OutputQuality": 0, 
		"OutputStack": 1, 
		"Sounds": ["Ship"], 
		"PlacingAnimation": "Fire", 
		"PlacingAnimationColorName": "White", 
	}, 

	// Keg

	{
		"ProducerName": "Keg", 
		"InputIdentifier": 613, 
		"InputStack": 1, 
		"FuelIdentifier": null, 
		"FuelStack":4, 
		"MinutesUntilReady": 2360, 
		"OutputIdentifier":"Apple Cider",  
		"OutputName": null, 
		"CompoundOutputName": null, 
		"PreserveType": null, 
		"InputPriceBased": false, 
		"OutputPriceIncrement": 200, 
		"OutputPriceMultiplier": 2.5, 
		"KeepInputQuanlity": false, 
		"OutputQuality": 0, 
		"OutputStack": 1, 
		"Sounds": ["Ship"], 
		"PlacingAnimation": "Fire", 
		"PlacingAnimationColorName": "White", 
	},
	{
		"ProducerName": "Keg", 
		"InputIdentifier": "Cassava", 
		"InputStack": 1, 
		"FuelIdentifier": null, 
		"FuelStack":4, 
		"MinutesUntilReady": 2360, 
		"OutputIdentifier":"Cauim",  
		"OutputName": null, 
		"CompoundOutputName": null, 
		"PreserveType": null, 
		"InputPriceBased": false, 
		"OutputPriceIncrement": 200, 
		"OutputPriceMultiplier": 2.5, 
		"KeepInputQuanlity": false, 
		"OutputQuality": 0, 
		"OutputStack": 1, 
		"Sounds": ["Ship"], 
		"PlacingAnimation": "Fire", 
		"PlacingAnimationColorName": "White", 
	},
	{
		"ProducerName": "Keg", 
		"InputIdentifier": 262, 
		"InputStack": 1, 
		"FuelIdentifier": null, 
		"FuelStack":4, 
		"MinutesUntilReady": 6000, 
		"OutputIdentifier":"Dark Ale",  
		"OutputName": null, 
		"CompoundOutputName": null, 
		"PreserveType": null, 
		"InputPriceBased": false, 
		"OutputPriceIncrement": 200, 
		"OutputPriceMultiplier": 2.5, 
		"KeepInputQuanlity": false, 
		"OutputQuality": 0, 
		"OutputStack": 1, 
		"Sounds": ["Ship"], 
		"PlacingAnimation": "Fire", 
		"PlacingAnimationColorName": "White", 
	},
	{
		"ProducerName": "Keg", 
		"InputIdentifier": "Ginger", 
		"InputStack": 1, 
		"FuelIdentifier": null, 
		"FuelStack":4, 
		"MinutesUntilReady": 2360, 
		"OutputIdentifier":"Ginger Ale",  
		"OutputName": null, 
		"CompoundOutputName": null, 
		"PreserveType": null, 
		"InputPriceBased": false, 
		"OutputPriceIncrement": 200, 
		"OutputPriceMultiplier": 2.5, 
		"KeepInputQuanlity": false, 
		"OutputQuality": 0, 
		"OutputStack": 1, 
		"Sounds": ["Ship"], 
		"PlacingAnimation": "Fire", 
		"PlacingAnimationColorName": "White", 
	},
	{
		"ProducerName": "Keg", 
		"InputIdentifier": "Apple Cider", 
		"InputStack": 1, 
		"FuelIdentifier": null, 
		"FuelStack":4, 
		"MinutesUntilReady": 2360, 
		"OutputIdentifier":"Hard Apple Cider",  
		"OutputName": null, 
		"CompoundOutputName": null, 
		"PreserveType": null, 
		"InputPriceBased": false, 
		"OutputPriceIncrement": 200, 
		"OutputPriceMultiplier": 2.5, 
		"KeepInputQuanlity": false, 
		"OutputQuality": 0, 
		"OutputStack": 1, 
		"Sounds": ["Ship"], 
		"PlacingAnimation": "Fire", 
		"PlacingAnimationColorName": "White", 
	},
	{
		"ProducerName": "Keg", 
		"InputIdentifier": "goat_milk_item", 
		"InputStack": 1, 
		"FuelIdentifier": null, 
		"FuelStack":4, 
		"MinutesUntilReady": 2360, 
		"OutputIdentifier":"Kefir",  
		"OutputName": null, 
		"CompoundOutputName": null, 
		"PreserveType": null, 
		"InputPriceBased": false, 
		"OutputPriceIncrement": 200, 
		"OutputPriceMultiplier": 2.5, 
		"KeepInputQuanlity": false, 
		"OutputQuality": 0, 
		"OutputStack": 1, 
		"Sounds": ["Ship"], 
		"PlacingAnimation": "Fire", 
		"PlacingAnimationColorName": "White", 
	},
	{
		"ProducerName": "Keg", 
		"InputIdentifier": "cow_milk_item", 
		"InputStack": 1, 
		"FuelIdentifier": null, 
		"FuelStack":4, 
		"MinutesUntilReady": 2360, 
		"OutputIdentifier":"Kumis",  
		"OutputName": null, 
		"CompoundOutputName": null, 
		"PreserveType": null, 
		"InputPriceBased": false, 
		"OutputPriceIncrement": 200, 
		"OutputPriceMultiplier": 2.5, 
		"KeepInputQuanlity": false, 
		"OutputQuality": 0, 
		"OutputStack": 1, 
		"Sounds": ["Ship"], 
		"PlacingAnimation": "Fire", 
		"PlacingAnimationColorName": "White", 
	},
	{
		"ProducerName": "Keg", 
		"InputIdentifier": "Yogurt", 
		"InputStack": 1, 
		"FuelIdentifier": null, 
		"FuelStack":4, 
		"MinutesUntilReady": 2360, 
		"OutputIdentifier":"Lassi",  
		"OutputName": null, 
		"CompoundOutputName": null, 
		"PreserveType": null, 
		"InputPriceBased": false, 
		"OutputPriceIncrement": 200, 
		"OutputPriceMultiplier": 2.5, 
		"KeepInputQuanlity": false, 
		"OutputQuality": 0, 
		"OutputStack": 1, 
		"Sounds": ["Ship"], 
		"PlacingAnimation": "Fire", 
		"PlacingAnimationColorName": "White", 
	},
	{
		"ProducerName": "Keg", 
		"InputIdentifier": "Pear", 
		"InputStack": 1, 
		"FuelIdentifier": null, 
		"FuelStack":4, 
		"MinutesUntilReady": 6000, 
		"OutputIdentifier":"Perry",  
		"OutputName": null, 
		"CompoundOutputName": null, 
		"PreserveType": null, 
		"InputPriceBased": false, 
		"OutputPriceIncrement": 200, 
		"OutputPriceMultiplier": 2.5, 
		"KeepInputQuanlity": false, 
		"OutputQuality": 0, 
		"OutputStack": 1, 
		"Sounds": ["Ship"], 
		"PlacingAnimation": "Fire", 
		"PlacingAnimationColorName": "White", 
	},
	{
		"ProducerName": "Keg", 
		"InputIdentifier": "Wheat Malt", 
		"InputStack": 1, 
		"FuelIdentifier": null, 
		"FuelStack":4, 
		"MinutesUntilReady": 2360, 
		"OutputIdentifier":"Porter",  
		"OutputName": null, 
		"CompoundOutputName": null, 
		"PreserveType": null, 
		"InputPriceBased": false, 
		"OutputPriceIncrement": 200, 
		"OutputPriceMultiplier": 2.5, 
		"KeepInputQuanlity": false, 
		"OutputQuality": 0, 
		"OutputStack": 1, 
		"Sounds": ["Ship"], 
		"PlacingAnimation": "Fire", 
		"PlacingAnimationColorName": "White", 
	},
	{
		"ProducerName": "Keg", 
		"InputIdentifier": "Maguey", 
		"InputStack": 1, 
		"FuelIdentifier": null, 
		"FuelStack":4, 
		"MinutesUntilReady": 2360, 
		"OutputIdentifier":"Pulque",  
		"OutputName": null, 
		"CompoundOutputName": null, 
		"PreserveType": null, 
		"InputPriceBased": false, 
		"OutputPriceIncrement": 200, 
		"OutputPriceMultiplier": 2.5, 
		"KeepInputQuanlity": false, 
		"OutputQuality": 0, 
		"OutputStack": 1, 
		"Sounds": ["Ship"], 
		"PlacingAnimation": "Fire", 
		"PlacingAnimationColorName": "White", 
	},
	{
		"ProducerName": "Keg", 
		"InputIdentifier": "Rice Flour", 
		"InputStack": 1, 
		"FuelIdentifier": null, 
		"FuelStack":4, 
		"MinutesUntilReady": 6000, 
		"OutputIdentifier":"Sake",  
		"OutputName": null, 
		"CompoundOutputName": null, 
		"PreserveType": null, 
		"InputPriceBased": false, 
		"OutputPriceIncrement": 200, 
		"OutputPriceMultiplier": 2.5, 
		"KeepInputQuanlity": false, 
		"OutputQuality": 0, 
		"OutputStack": 1, 
		"Sounds": ["Ship"], 
		"PlacingAnimation": "Fire", 
		"PlacingAnimationColorName": "White", 
	},
	{
		"ProducerName": "Keg", 
		"InputIdentifier": 398, 
		"InputStack": 1, 
		"FuelIdentifier": null, 
		"FuelStack":4, 
		"MinutesUntilReady": 6000, 
		"OutputIdentifier":"Sparkling Wine",  
		"OutputName": null, 
		"CompoundOutputName": null, 
		"PreserveType": null, 
		"InputPriceBased": false, 
		"OutputPriceIncrement": 200, 
		"OutputPriceMultiplier": 2.5, 
		"KeepInputQuanlity": false, 
		"OutputQuality": 0, 
		"OutputStack": 1, 
		"Sounds": ["Ship"], 
		"PlacingAnimation": "Fire", 
		"PlacingAnimationColorName": "White", 
	},
	{
		"ProducerName": "Keg", 
		"InputIdentifier": "Barley Malt", 
		"InputStack": 1, 
		"FuelIdentifier": null, 
		"FuelStack":4, 
		"MinutesUntilReady": 6000, 
		"OutputIdentifier":"Stout",  
		"OutputName": null, 
		"CompoundOutputName": null, 
		"PreserveType": null, 
		"InputPriceBased": false, 
		"OutputPriceIncrement": 200, 
		"OutputPriceMultiplier": 2.5, 
		"KeepInputQuanlity": false, 
		"OutputQuality": 0, 
		"OutputStack": 1, 
		"Sounds": ["Ship"], 
		"PlacingAnimation": "Fire", 
		"PlacingAnimationColorName": "White", 
	},
	{
		"ProducerName": "Keg", 
		"InputIdentifier": 406, 
		"InputStack": 1, 
		"FuelIdentifier": null, 
		"FuelStack":4, 
		"MinutesUntilReady": 6000, 
		"OutputIdentifier":"Umeshu",  
		"OutputName": null, 
		"CompoundOutputName": null, 
		"PreserveType": null, 
		"InputPriceBased": false, 
		"OutputPriceIncrement": 200, 
		"OutputPriceMultiplier": 2.5, 
		"KeepInputQuanlity": false, 
		"OutputQuality": 0, 
		"OutputStack": 1, 
		"Sounds": ["Ship"], 
		"PlacingAnimation": "Fire", 
		"PlacingAnimationColorName": "White", 
	},	

	// Glass Jar

	{
		"ProducerName": "Glass Jar", 
		"InputIdentifier": "Barley Tea", 
		"InputStack": 1, 
		"FuelIdentifier": null, 
		"FuelStack":4, 
		"MinutesUntilReady": 1600, 
		"OutputIdentifier":"Barley Kombucha",  
		"OutputName": null, 
		"CompoundOutputName": null, 
		"PreserveType": null, 
		"InputPriceBased": false, 
		"OutputPriceIncrement": 200, 
		"OutputPriceMultiplier": 2.5, 
		"KeepInputQuanlity": false, 
		"OutputQuality": 0, 
		"OutputStack": 1, 
		"Sounds": ["Ship"], 
		"PlacingAnimation": "Fire", 
		"PlacingAnimationColorName": "White", 
	},
	{
		"ProducerName": "Glass Jar", 
		"InputIdentifier": "Berry Fusion Tea", 
		"InputStack": 1, 
		"FuelIdentifier": null, 
		"FuelStack":4, 
		"MinutesUntilReady": 1600, 
		"OutputIdentifier":"Berry Fusion Kombucha",  
		"OutputName": null, 
		"CompoundOutputName": null, 
		"PreserveType": null, 
		"InputPriceBased": false, 
		"OutputPriceIncrement": 200, 
		"OutputPriceMultiplier": 2.5, 
		"KeepInputQuanlity": false, 
		"OutputQuality": 0, 
		"OutputStack": 1, 
		"Sounds": ["Ship"], 
		"PlacingAnimation": "Fire", 
		"PlacingAnimationColorName": "White", 
	},
	{
		"ProducerName": "Glass Jar", 
		"InputIdentifier": "Black Tea", 
		"InputStack": 1, 
		"FuelIdentifier": null, 
		"FuelStack":4, 
		"MinutesUntilReady": 1600, 
		"OutputIdentifier":"Black Kombucha",  
		"OutputName": null, 
		"CompoundOutputName": null, 
		"PreserveType": null, 
		"InputPriceBased": false, 
		"OutputPriceIncrement": 200, 
		"OutputPriceMultiplier": 2.5, 
		"KeepInputQuanlity": false, 
		"OutputQuality": 0, 
		"OutputStack": 1, 
		"Sounds": ["Ship"], 
		"PlacingAnimation": "Fire", 
		"PlacingAnimationColorName": "White", 
	},
	{
		"ProducerName": "Glass Jar", 
		"InputIdentifier": "Blue Mist Tea", 
		"InputStack": 1, 
		"FuelIdentifier": null, 
		"FuelStack":4, 
		"MinutesUntilReady": 1600, 
		"OutputIdentifier":"Blue Mist Kombucha",  
		"OutputName": null, 
		"CompoundOutputName": null, 
		"PreserveType": null, 
		"InputPriceBased": false, 
		"OutputPriceIncrement": 200, 
		"OutputPriceMultiplier": 2.5, 
		"KeepInputQuanlity": false, 
		"OutputQuality": 0, 
		"OutputStack": 1, 
		"Sounds": ["Ship"], 
		"PlacingAnimation": "Fire", 
		"PlacingAnimationColorName": "White", 
	},
	{
		"ProducerName": "Glass Jar", 
		"InputIdentifier": "Breakfast Tea", 
		"InputStack": 1, 
		"FuelIdentifier": null, 
		"FuelStack":4, 
		"MinutesUntilReady": 1600, 
		"OutputIdentifier":"Breakfast Kombucha",  
		"OutputName": null, 
		"CompoundOutputName": null, 
		"PreserveType": null, 
		"InputPriceBased": false, 
		"OutputPriceIncrement": 200, 
		"OutputPriceMultiplier": 2.5, 
		"KeepInputQuanlity": false, 
		"OutputQuality": 0, 
		"OutputStack": 1, 
		"Sounds": ["Ship"], 
		"PlacingAnimation": "Fire", 
		"PlacingAnimationColorName": "White", 
	},
	{
		"ProducerName": "Glass Jar", 
		"InputIdentifier": "Cranberry Pomegranate Tea", 
		"InputStack": 1, 
		"FuelIdentifier": null, 
		"FuelStack":4, 
		"MinutesUntilReady": 1600, 
		"OutputIdentifier":"Cranberry Pomegranate Kombucha",  
		"OutputName": null, 
		"CompoundOutputName": null, 
		"PreserveType": null, 
		"InputPriceBased": false, 
		"OutputPriceIncrement": 200, 
		"OutputPriceMultiplier": 2.5, 
		"KeepInputQuanlity": false, 
		"OutputQuality": 0, 
		"OutputStack": 1, 
		"Sounds": ["Ship"], 
		"PlacingAnimation": "Fire", 
		"PlacingAnimationColorName": "White", 
	},
	{
		"ProducerName": "Glass Jar", 
		"InputIdentifier": "Chai Tea", 
		"InputStack": 1, 
		"FuelIdentifier": null, 
		"FuelStack":4, 
		"MinutesUntilReady": 1600, 
		"OutputIdentifier":"Chai Kombucha",  
		"OutputName": null, 
		"CompoundOutputName": null, 
		"PreserveType": null, 
		"InputPriceBased": false, 
		"OutputPriceIncrement": 200, 
		"OutputPriceMultiplier": 2.5, 
		"KeepInputQuanlity": false, 
		"OutputQuality": 0, 
		"OutputStack": 1, 
		"Sounds": ["Ship"], 
		"PlacingAnimation": "Fire", 
		"PlacingAnimationColorName": "White", 
	},
	{
		"ProducerName": "Glass Jar", 
		"InputIdentifier": "Chamomile Tea", 
		"InputStack": 1, 
		"FuelIdentifier": null, 
		"FuelStack":4, 
		"MinutesUntilReady": 1600, 
		"OutputIdentifier":"Chamomile Kombucha",  
		"OutputName": null, 
		"CompoundOutputName": null, 
		"PreserveType": null, 
		"InputPriceBased": false, 
		"OutputPriceIncrement": 200, 
		"OutputPriceMultiplier": 2.5, 
		"KeepInputQuanlity": false, 
		"OutputQuality": 0, 
		"OutputStack": 1, 
		"Sounds": ["Ship"], 
		"PlacingAnimation": "Fire", 
		"PlacingAnimationColorName": "White", 
	},
	{
		"ProducerName": "Glass Jar", 
		"InputIdentifier": 281, 
		"InputStack": 1, 
		"FuelIdentifier": null, 
		"FuelStack":4, 
		"MinutesUntilReady": 1600, 
		"OutputIdentifier":"Chanterelle Kombucha",  
		"OutputName": null, 
		"CompoundOutputName": null, 
		"PreserveType": null, 
		"InputPriceBased": false, 
		"OutputPriceIncrement": 200, 
		"OutputPriceMultiplier": 2.5, 
		"KeepInputQuanlity": false, 
		"OutputQuality": 0, 
		"OutputStack": 1, 
		"Sounds": ["Ship"], 
		"PlacingAnimation": "Fire", 
		"PlacingAnimationColorName": "White", 
	},
	{
		"ProducerName": "Glass Jar", 
		"InputIdentifier": "Earl Grey Tea", 
		"InputStack": 1, 
		"FuelIdentifier": null, 
		"FuelStack":4, 
		"MinutesUntilReady": 1600, 
		"OutputIdentifier":"Earl Grey Kombucha",  
		"OutputName": null, 
		"CompoundOutputName": null, 
		"PreserveType": null, 
		"InputPriceBased": false, 
		"OutputPriceIncrement": 200, 
		"OutputPriceMultiplier": 2.5, 
		"KeepInputQuanlity": false, 
		"OutputQuality": 0, 
		"OutputStack": 1, 
		"Sounds": ["Ship"], 
		"PlacingAnimation": "Fire", 
		"PlacingAnimationColorName": "White", 
	},
	{
		"ProducerName": "Glass Jar", 
		"InputIdentifier": "Dandelion Tea", 
		"InputStack": 1, 
		"FuelIdentifier": null, 
		"FuelStack":4, 
		"MinutesUntilReady": 1600, 
		"OutputIdentifier":"Dandelion Kombucha",  
		"OutputName": null, 
		"CompoundOutputName": null, 
		"PreserveType": null, 
		"InputPriceBased": false, 
		"OutputPriceIncrement": 200, 
		"OutputPriceMultiplier": 2.5, 
		"KeepInputQuanlity": false, 
		"OutputQuality": 0, 
		"OutputStack": 1, 
		"Sounds": ["Ship"], 
		"PlacingAnimation": "Fire", 
		"PlacingAnimationColorName": "White", 
	},
	{
		"ProducerName": "Glass Jar", 
		"InputIdentifier": 614, 
		"InputStack": 1, 
		"FuelIdentifier": null, 
		"FuelStack":4, 
		"MinutesUntilReady": 1600, 
		"OutputIdentifier":"Green Kombucha",  
		"OutputName": null, 
		"CompoundOutputName": null, 
		"PreserveType": null, 
		"InputPriceBased": false, 
		"OutputPriceIncrement": 200, 
		"OutputPriceMultiplier": 2.5, 
		"KeepInputQuanlity": false, 
		"OutputQuality": 0, 
		"OutputStack": 1, 
		"Sounds": ["Ship"], 
		"PlacingAnimation": "Fire", 
		"PlacingAnimationColorName": "White", 
	},
	{
		"ProducerName": "Glass Jar", 
		"InputIdentifier": "Jasmine Tea", 
		"InputStack": 1, 
		"FuelIdentifier": null, 
		"FuelStack":4, 
		"MinutesUntilReady": 1600, 
		"OutputIdentifier":"Jasmine Kombucha",  
		"OutputName": null, 
		"CompoundOutputName": null, 
		"PreserveType": null, 
		"InputPriceBased": false, 
		"OutputPriceIncrement": 200, 
		"OutputPriceMultiplier": 2.5, 
		"KeepInputQuanlity": false, 
		"OutputQuality": 0, 
		"OutputStack": 1, 
		"Sounds": ["Ship"], 
		"PlacingAnimation": "Fire", 
		"PlacingAnimationColorName": "White", 
	},
	{
		"ProducerName": "Glass Jar", 
		"InputIdentifier": 404, 
		"InputStack": 1, 
		"FuelIdentifier": null, 
		"FuelStack":4, 
		"MinutesUntilReady": 1600, 
		"OutputIdentifier":"Kombucha",  
		"OutputName": null, 
		"CompoundOutputName": null, 
		"PreserveType": null, 
		"InputPriceBased": false, 
		"OutputPriceIncrement": 200, 
		"OutputPriceMultiplier": 2.5, 
		"KeepInputQuanlity": false, 
		"OutputQuality": 0, 
		"OutputStack": 1, 
		"Sounds": ["Ship"], 
		"PlacingAnimation": "Fire", 
		"PlacingAnimationColorName": "White", 
	},
	{
		"ProducerName": "Glass Jar", 
		"InputIdentifier": "Lemon Tea", 
		"InputStack": 1, 
		"FuelIdentifier": null, 
		"FuelStack":4, 
		"MinutesUntilReady": 1600, 
		"OutputIdentifier":"Lemon Kombucha",  
		"OutputName": null, 
		"CompoundOutputName": null, 
		"PreserveType": null, 
		"InputPriceBased": false, 
		"OutputPriceIncrement": 200, 
		"OutputPriceMultiplier": 2.5, 
		"KeepInputQuanlity": false, 
		"OutputQuality": 0, 
		"OutputStack": 1, 
		"Sounds": ["Ship"], 
		"PlacingAnimation": "Fire", 
		"PlacingAnimationColorName": "White", 
	},
	{
		"ProducerName": "Glass Jar", 
		"InputIdentifier": "Mint Tea", 
		"InputStack": 1, 
		"FuelIdentifier": null, 
		"FuelStack":4, 
		"MinutesUntilReady": 1600, 
		"OutputIdentifier":"Mint Kombucha",  
		"OutputName": null, 
		"CompoundOutputName": null, 
		"PreserveType": null, 
		"InputPriceBased": false, 
		"OutputPriceIncrement": 200, 
		"OutputPriceMultiplier": 2.5, 
		"KeepInputQuanlity": false, 
		"OutputQuality": 0, 
		"OutputStack": 1, 
		"Sounds": ["Ship"], 
		"PlacingAnimation": "Fire", 
		"PlacingAnimationColorName": "White", 
	},
	{
		"ProducerName": "Glass Jar", 
		"InputIdentifier": 257, 
		"InputStack": 1, 
		"FuelIdentifier": null, 
		"FuelStack":4, 
		"MinutesUntilReady": 1600, 
		"OutputIdentifier":"Morel Kombucha",  
		"OutputName": null, 
		"CompoundOutputName": null, 
		"PreserveType": null, 
		"InputPriceBased": false, 
		"OutputPriceIncrement": 200, 
		"OutputPriceMultiplier": 2.5, 
		"KeepInputQuanlity": false, 
		"OutputQuality": 0, 
		"OutputStack": 1, 
		"Sounds": ["Ship"], 
		"PlacingAnimation": "Fire", 
		"PlacingAnimationColorName": "White", 
	},
	{
		"ProducerName": "Glass Jar", 
		"InputIdentifier": "Oolong Tea", 
		"InputStack": 1, 
		"FuelIdentifier": null, 
		"FuelStack":4, 
		"MinutesUntilReady": 1600, 
		"OutputIdentifier":"Oolong Kombucha",  
		"OutputName": null, 
		"CompoundOutputName": null, 
		"PreserveType": null, 
		"InputPriceBased": false, 
		"OutputPriceIncrement": 200, 
		"OutputPriceMultiplier": 2.5, 
		"KeepInputQuanlity": false, 
		"OutputQuality": 0, 
		"OutputStack": 1, 
		"Sounds": ["Ship"], 
		"PlacingAnimation": "Fire", 
		"PlacingAnimationColorName": "White", 
	},
	{
		"ProducerName": "Glass Jar", 
		"InputIdentifier": 422, 
		"InputStack": 1, 
		"FuelIdentifier": null, 
		"FuelStack":4, 
		"MinutesUntilReady": 1600, 
		"OutputIdentifier":"Purple Kombucha",  
		"OutputName": null, 
		"CompoundOutputName": null, 
		"PreserveType": null, 
		"InputPriceBased": false, 
		"OutputPriceIncrement": 200, 
		"OutputPriceMultiplier": 2.5, 
		"KeepInputQuanlity": false, 
		"OutputQuality": 0, 
		"OutputStack": 1, 
		"Sounds": ["Ship"], 
		"PlacingAnimation": "Fire", 
		"PlacingAnimationColorName": "White", 
	},
	{
		"ProducerName": "Glass Jar", 
		"InputIdentifier": 420, 
		"InputStack": 1, 
		"FuelIdentifier": null, 
		"FuelStack":4, 
		"MinutesUntilReady": 1600, 
		"OutputIdentifier":"Red Kombucha",  
		"OutputName": null, 
		"CompoundOutputName": null, 
		"PreserveType": null, 
		"InputPriceBased": false, 
		"OutputPriceIncrement": 200, 
		"OutputPriceMultiplier": 2.5, 
		"KeepInputQuanlity": false, 
		"OutputQuality": 0, 
		"OutputStack": 1, 
		"Sounds": ["Ship"], 
		"PlacingAnimation": "Fire", 
		"PlacingAnimationColorName": "White", 
	},
	{
		"ProducerName": "Glass Jar", 
		"InputIdentifier": "Rose Tea", 
		"InputStack": 1, 
		"FuelIdentifier": null, 
		"FuelStack":4, 
		"MinutesUntilReady": 1600, 
		"OutputIdentifier":"Rose Kombucha",  
		"OutputName": null, 
		"CompoundOutputName": null, 
		"PreserveType": null, 
		"InputPriceBased": false, 
		"OutputPriceIncrement": 200, 
		"OutputPriceMultiplier": 2.5, 
		"KeepInputQuanlity": false, 
		"OutputQuality": 0, 
		"OutputStack": 1, 
		"Sounds": ["Ship"], 
		"PlacingAnimation": "Fire", 
		"PlacingAnimationColorName": "White", 
	},
	{
		"ProducerName": "Glass Jar", 
		"InputIdentifier": "Spice Tea", 
		"InputStack": 1, 
		"FuelIdentifier": null, 
		"FuelStack":4, 
		"MinutesUntilReady": 1600, 
		"OutputIdentifier":"Spiced Kombucha",  
		"OutputName": null, 
		"CompoundOutputName": null, 
		"PreserveType": null, 
		"InputPriceBased": false, 
		"OutputPriceIncrement": 200, 
		"OutputPriceMultiplier": 2.5, 
		"KeepInputQuanlity": false, 
		"OutputQuality": 0, 
		"OutputStack": 1, 
		"Sounds": ["Ship"], 
		"PlacingAnimation": "Fire", 
		"PlacingAnimationColorName": "White", 
	},
	{
		"ProducerName": "Glass Jar", 
		"InputIdentifier": "Strawberry Grapefruit Tea", 
		"InputStack": 1, 
		"FuelIdentifier": null, 
		"FuelStack":4, 
		"MinutesUntilReady": 1600, 
		"OutputIdentifier":"Strawberry Grapefruit Kombucha",  
		"OutputName": null, 
		"CompoundOutputName": null, 
		"PreserveType": null, 
		"InputPriceBased": false, 
		"OutputPriceIncrement": 200, 
		"OutputPriceMultiplier": 2.5, 
		"KeepInputQuanlity": false, 
		"OutputQuality": 0, 
		"OutputStack": 1, 
		"Sounds": ["Ship"], 
		"PlacingAnimation": "Fire", 
		"PlacingAnimationColorName": "White", 
	},
	{
		"ProducerName": "Glass Jar", 
		"InputIdentifier": "White Tea", 
		"InputStack": 1, 
		"FuelIdentifier": null, 
		"FuelStack":4, 
		"MinutesUntilReady": 1600, 
		"OutputIdentifier":"White Kombucha",  
		"OutputName": null, 
		"CompoundOutputName": null, 
		"PreserveType": null, 
		"InputPriceBased": false, 
		"OutputPriceIncrement": 200, 
		"OutputPriceMultiplier": 2.5, 
		"KeepInputQuanlity": false, 
		"OutputQuality": 0, 
		"OutputStack": 1, 
		"Sounds": ["Ship"], 
		"PlacingAnimation": "Fire", 
		"PlacingAnimationColorName": "White", 
	},

	// Foreign Cask

	{
		"ProducerName": "Foreign Cask", 
		"InputIdentifier": "Soybean", 
		"InputStack": 1, 
		"FuelIdentifier": "Soybean", 
		"FuelStack": 1, 
		"MinutesUntilReady": 2360, 
		"OutputIdentifier": "Soy Sauce",  
		"OutputName": null, 
		"CompoundOutputName": null, 
		"PreserveType": null, 
		"InputPriceBased": false, 
		"OutputPriceIncrement": 200, 
		"OutputPriceMultiplier": 2.5, 
		"KeepInputQuanlity": false, 
		"OutputQuality": 0, 
		"OutputStack": 1, 
		"Sounds": ["Ship"], 
		"PlacingAnimation": "Fire", 
		"PlacingAnimationColorName": "White", 
	},
	{
		"ProducerName": "Foreign Cask", 
		"InputIdentifier": "Cabbage", 
		"InputStack": 1, 
		"FuelIdentifier": "Soybean", 
		"FuelStack": 1, 
		"MinutesUntilReady": 2360, 
		"OutputIdentifier": "Kimchi",  
		"OutputName": null, 
		"CompoundOutputName": null, 
		"PreserveType": null, 
		"InputPriceBased": false, 
		"OutputPriceIncrement": 200, 
		"OutputPriceMultiplier": 2.5, 
		"KeepInputQuanlity": false, 
		"OutputQuality": 0, 
		"OutputStack": 1, 
		"Sounds": ["Ship"], 
		"PlacingAnimation": "Fire", 
		"PlacingAnimationColorName": "White", 
	},
	{
		"ProducerName": "Foreign Cask", 
		"InputIdentifier": "Natto Starter", 
		"InputStack": 1, 
		"FuelIdentifier": "Soybean", 
		"FuelStack": 1, 
		"MinutesUntilReady": 2360, 
		"OutputIdentifier": "Natto",  
		"OutputName": null, 
		"CompoundOutputName": null, 
		"PreserveType": null, 
		"InputPriceBased": false, 
		"OutputPriceIncrement": 200, 
		"OutputPriceMultiplier": 2.5, 
		"KeepInputQuanlity": false, 
		"OutputQuality": 0, 
		"OutputStack": 1, 
		"Sounds": ["Ship"], 
		"PlacingAnimation": "Fire", 
		"PlacingAnimationColorName": "White", 
	},
	{
		"ProducerName": "Foreign Cask", 
		"InputIdentifier": "Miso Starter", 
		"InputStack": 1, 
		"FuelIdentifier": "Soybean", 
		"FuelStack": 1, 
		"MinutesUntilReady": 2360, 
		"OutputIdentifier": "Miso Paste",  
		"OutputName": null, 
		"CompoundOutputName": null, 
		"PreserveType": null, 
		"InputPriceBased": false, 
		"OutputPriceIncrement": 200, 
		"OutputPriceMultiplier": 2.5, 
		"KeepInputQuanlity": false, 
		"OutputQuality": 0, 
		"OutputStack": 1, 
		"Sounds": ["Ship"], 
		"PlacingAnimation": "Fire", 
		"PlacingAnimationColorName": "White", 
	},

	// Butter Churn

	{
		"ProducerName": "Butter Churn", 
		"InputIdentifier": "Almond", 
		"InputStack": 1, 
		"FuelIdentifier": null, 
		"FuelStack": 1, 
		"MinutesUntilReady": 180, 
		"OutputIdentifier": "Almond Butter",  
		"OutputName": null, 
		"CompoundOutputName": null, 
		"PreserveType": null, 
		"InputPriceBased": false, 
		"OutputPriceIncrement": 200, 
		"OutputPriceMultiplier": 2.5, 
		"KeepInputQuanlity": false, 
		"OutputQuality": 0, 
		"OutputStack": 1, 
		"Sounds": ["Ship"], 
		"PlacingAnimation": "Fire", 
		"PlacingAnimationColorName": "White", 
	},
	{
		"ProducerName": "Butter Churn", 
		"InputIdentifier": "cow_milk_item", 
		"InputStack": 1, 
		"FuelIdentifier": null, 
		"FuelStack": 1, 
		"MinutesUntilReady": 180, 
		"OutputIdentifier": "Butter",  
		"OutputName": null, 
		"CompoundOutputName": null, 
		"PreserveType": null, 
		"InputPriceBased": false, 
		"OutputPriceIncrement": 200, 
		"OutputPriceMultiplier": 2.5, 
		"KeepInputQuanlity": false, 
		"OutputQuality": 0, 
		"OutputStack": 1, 
		"Sounds": ["Ship"], 
		"PlacingAnimation": "Fire", 
		"PlacingAnimationColorName": "White", 
	},
	{
		"ProducerName": "Butter Churn", 
		"InputIdentifier": "Cashew", 
		"InputStack": 1, 
		"FuelIdentifier": null, 
		"FuelStack": 1, 
		"MinutesUntilReady": 180, 
		"OutputIdentifier": "Cashew Butter",  
		"OutputName": null, 
		"CompoundOutputName": null, 
		"PreserveType": null, 
		"InputPriceBased": false, 
		"OutputPriceIncrement": 200, 
		"OutputPriceMultiplier": 2.5, 
		"KeepInputQuanlity": false, 
		"OutputQuality": 0, 
		"OutputStack": 1, 
		"Sounds": ["Ship"], 
		"PlacingAnimation": "Fire", 
		"PlacingAnimationColorName": "White", 
	},
	{
		"ProducerName": "Butter Churn", 
		"InputIdentifier": 88, 
		"InputStack": 1, 
		"FuelIdentifier": null, 
		"FuelStack": 1, 
		"MinutesUntilReady": 180, 
		"OutputIdentifier": "Coconut Butter",  
		"OutputName": null, 
		"CompoundOutputName": null, 
		"PreserveType": null, 
		"InputPriceBased": false, 
		"OutputPriceIncrement": 200, 
		"OutputPriceMultiplier": 2.5, 
		"KeepInputQuanlity": false, 
		"OutputQuality": 0, 
		"OutputStack": 1, 
		"Sounds": ["Ship"], 
		"PlacingAnimation": "Fire", 
		"PlacingAnimationColorName": "White", 
	},
	{
		"ProducerName": "Butter Churn", 
		"InputIdentifier": 223, 
		"InputStack": 1, 
		"FuelIdentifier": null, 
		"FuelStack": 1, 
		"MinutesUntilReady": 180, 
		"OutputIdentifier": "Cookie Butter",  
		"OutputName": null, 
		"CompoundOutputName": null, 
		"PreserveType": null, 
		"InputPriceBased": false, 
		"OutputPriceIncrement": 200, 
		"OutputPriceMultiplier": 2.5, 
		"KeepInputQuanlity": false, 
		"OutputQuality": 0, 
		"OutputStack": 1, 
		"Sounds": ["Ship"], 
		"PlacingAnimation": "Fire", 
		"PlacingAnimationColorName": "White", 
	},
	{
		"ProducerName": "Butter Churn", 
		"InputIdentifier": "goat_milk_item", 
		"InputStack": 1, 
		"FuelIdentifier": null, 
		"FuelStack": 1, 
		"MinutesUntilReady": 180, 
		"OutputIdentifier": "Goat Butter",  
		"OutputName": null, 
		"CompoundOutputName": null, 
		"PreserveType": null, 
		"InputPriceBased": false, 
		"OutputPriceIncrement": 200, 
		"OutputPriceMultiplier": 2.5, 
		"KeepInputQuanlity": false, 
		"OutputQuality": 0, 
		"OutputStack": 1, 
		"Sounds": ["Ship"], 
		"PlacingAnimation": "Fire", 
		"PlacingAnimationColorName": "White", 
	},
	{
		"ProducerName": "Butter Churn", 
		"InputIdentifier": 408, 
		"InputStack": 1, 
		"FuelIdentifier": null, 
		"FuelStack": 1, 
		"MinutesUntilReady": 180, 
		"OutputIdentifier": "Hazelnut Butter",  
		"OutputName": null, 
		"CompoundOutputName": null, 
		"PreserveType": null, 
		"InputPriceBased": false, 
		"OutputPriceIncrement": 200, 
		"OutputPriceMultiplier": 2.5, 
		"KeepInputQuanlity": false, 
		"OutputQuality": 0, 
		"OutputStack": 1, 
		"Sounds": ["Ship"], 
		"PlacingAnimation": "Fire", 
		"PlacingAnimationColorName": "White", 
	},
	{
		"ProducerName": "Butter Churn", 
		"InputIdentifier": 247, 
		"InputStack": 1, 
		"FuelIdentifier": null, 
		"FuelStack": 1, 
		"MinutesUntilReady": 180, 
		"OutputIdentifier": "Margarine",  
		"OutputName": null, 
		"CompoundOutputName": null, 
		"PreserveType": null, 
		"InputPriceBased": false, 
		"OutputPriceIncrement": 200, 
		"OutputPriceMultiplier": 2.5, 
		"KeepInputQuanlity": false, 
		"OutputQuality": 0, 
		"OutputStack": 1, 
		"Sounds": ["Ship"], 
		"PlacingAnimation": "Fire", 
		"PlacingAnimationColorName": "White", 
	},
	{
		"ProducerName": "Butter Churn", 
		"InputIdentifier": "Peanut", 
		"InputStack": 1, 
		"FuelIdentifier": null, 
		"FuelStack": 1, 
		"MinutesUntilReady": 180, 
		"OutputIdentifier": "Peanut Butter",  
		"OutputName": null, 
		"CompoundOutputName": null, 
		"PreserveType": null, 
		"InputPriceBased": false, 
		"OutputPriceIncrement": 200, 
		"OutputPriceMultiplier": 2.5, 
		"KeepInputQuanlity": false, 
		"OutputQuality": 0, 
		"OutputStack": 1, 
		"Sounds": ["Ship"], 
		"PlacingAnimation": "Fire", 
		"PlacingAnimationColorName": "White", 
	},
	{
		"ProducerName": "Butter Churn", 
		"InputIdentifier": "Pecan", 
		"InputStack": 1, 
		"FuelIdentifier": null, 
		"FuelStack": 1, 
		"MinutesUntilReady": 180, 
		"OutputIdentifier": "Pecan Butter",  
		"OutputName": null, 
		"CompoundOutputName": null, 
		"PreserveType": null, 
		"InputPriceBased": false, 
		"OutputPriceIncrement": 200, 
		"OutputPriceMultiplier": 2.5, 
		"KeepInputQuanlity": false, 
		"OutputQuality": 0, 
		"OutputStack": 1, 
		"Sounds": ["Ship"], 
		"PlacingAnimation": "Fire", 
		"PlacingAnimationColorName": "White", 
	},
	{
		"ProducerName": "Butter Churn", 
		"InputIdentifier": 766, 
		"InputStack": 1, 
		"FuelIdentifier": null, 
		"FuelStack": 1, 
		"MinutesUntilReady": 180, 
		"OutputIdentifier": "Slime Butter",  
		"OutputName": null, 
		"CompoundOutputName": null, 
		"PreserveType": null, 
		"InputPriceBased": false, 
		"OutputPriceIncrement": 200, 
		"OutputPriceMultiplier": 2.5, 
		"KeepInputQuanlity": false, 
		"OutputQuality": 0, 
		"OutputStack": 1, 
		"Sounds": ["Ship"], 
		"PlacingAnimation": "Fire", 
		"PlacingAnimationColorName": "White", 
	},
	{
		"ProducerName": "Butter Churn", 
		"InputIdentifier": "Soybean", 
		"InputStack": 1, 
		"FuelIdentifier": null, 
		"FuelStack": 1, 
		"MinutesUntilReady": 180, 
		"OutputIdentifier": "Soynut Butter",  
		"OutputName": null, 
		"CompoundOutputName": null, 
		"PreserveType": null, 
		"InputPriceBased": false, 
		"OutputPriceIncrement": 200, 
		"OutputPriceMultiplier": 2.5, 
		"KeepInputQuanlity": false, 
		"OutputQuality": 0, 
		"OutputStack": 1, 
		"Sounds": ["Ship"], 
		"PlacingAnimation": "Fire", 
		"PlacingAnimationColorName": "White", 
	},
	{
		"ProducerName": "Butter Churn", 
		"InputIdentifier": 421, 
		"InputStack": 1, 
		"FuelIdentifier": null, 
		"FuelStack": 1, 
		"MinutesUntilReady": 180, 
		"OutputIdentifier": "Sunflower Butter",  
		"OutputName": null, 
		"CompoundOutputName": null, 
		"PreserveType": null, 
		"InputPriceBased": false, 
		"OutputPriceIncrement": 200, 
		"OutputPriceMultiplier": 2.5, 
		"KeepInputQuanlity": false, 
		"OutputQuality": 0, 
		"OutputStack": 1, 
		"Sounds": ["Ship"], 
		"PlacingAnimation": "Fire", 
		"PlacingAnimationColorName": "White", 
	},
	{
		"ProducerName": "Butter Churn", 
		"InputIdentifier": "Walnut", 
		"InputStack": 1, 
		"FuelIdentifier": null, 
		"FuelStack": 1, 
		"MinutesUntilReady": 180, 
		"OutputIdentifier": "Walnut Butter",  
		"OutputName": null, 
		"CompoundOutputName": null, 
		"PreserveType": null, 
		"InputPriceBased": false, 
		"OutputPriceIncrement": 200, 
		"OutputPriceMultiplier": 2.5, 
		"KeepInputQuanlity": false, 
		"OutputQuality": 0, 
		"OutputStack": 1, 
		"Sounds": ["Ship"], 
		"PlacingAnimation": "Fire", 
		"PlacingAnimationColorName": "White", 
	},

	// Dehydrator

	// Drying Rack

	{
		"ProducerName": "Drying Rack", 
		"InputIdentifier": "Barley", 
		"InputStack": 1, 
		"FuelIdentifier": null, 
		"FuelStack": 1, 
		"MinutesUntilReady": 1600, 
		"OutputIdentifier": "Barley Malt",  
		"OutputName": null, 
		"CompoundOutputName": null, 
		"PreserveType": null, 
		"InputPriceBased": false, 
		"OutputPriceIncrement": 200, 
		"OutputPriceMultiplier": 2.5, 
		"KeepInputQuanlity": false, 
		"OutputQuality": 0, 
		"OutputStack": 1, 
		"Sounds": ["Ship"], 
		"PlacingAnimation": "Fire", 
		"PlacingAnimationColorName": "White", 
	},
	{
		"ProducerName": "Drying Rack", 
		"InputIdentifier": 262, 
		"InputStack": 1, 
		"FuelIdentifier": null, 
		"FuelStack": 1, 
		"MinutesUntilReady": 1600, 
		"OutputIdentifier": "Wheat Malt",  
		"OutputName": null, 
		"CompoundOutputName": null, 
		"PreserveType": null, 
		"InputPriceBased": false, 
		"OutputPriceIncrement": 200, 
		"OutputPriceMultiplier": 2.5, 
		"KeepInputQuanlity": false, 
		"OutputQuality": 0, 
		"OutputStack": 1, 
		"Sounds": ["Ship"], 
		"PlacingAnimation": "Fire", 
		"PlacingAnimationColorName": "White", 
	},
	{
		"ProducerName": "Drying Rack", 
		"InputIdentifier": 815, 
		"InputStack": 1, 
		"FuelIdentifier": null, 
		"FuelStack": 1, 
		"MinutesUntilReady": 120, 
		"OutputIdentifier": "Matcha Powder",  
		"OutputName": null, 
		"CompoundOutputName": null, 
		"PreserveType": null, 
		"InputPriceBased": false, 
		"OutputPriceIncrement": 200, 
		"OutputPriceMultiplier": 2.5, 
		"KeepInputQuanlity": false, 
		"OutputQuality": 0, 
		"OutputStack": 1, 
		"Sounds": ["Ship"], 
		"PlacingAnimation": "Fire", 
		"PlacingAnimationColorName": "White", 
	},
	{
		"ProducerName": "Drying Rack", 
		"InputIdentifier": 771, 
		"InputStack": 1, 
		"FuelIdentifier": null, 
		"FuelStack": 1, 
		"MinutesUntilReady": 720, 
		"OutputIdentifier": 178,  
		"OutputName": null, 
		"CompoundOutputName": null, 
		"PreserveType": null, 
		"InputPriceBased": false, 
		"OutputPriceIncrement": 200, 
		"OutputPriceMultiplier": 2.5, 
		"KeepInputQuanlity": false, 
		"OutputQuality": 0, 
		"OutputStack": 1, 
		"Sounds": ["Ship"], 
		"PlacingAnimation": "Fire", 
		"PlacingAnimationColorName": "White", 
	},
	{
		"ProducerName": "Drying Rack", 
		"InputIdentifier": 270, 
		"InputStack": 1, 
		"FuelIdentifier": null, 
		"FuelStack": 1, 
		"MinutesUntilReady": 1600, 
		"OutputIdentifier": "Corn Malt",  
		"OutputName": null, 
		"CompoundOutputName": null, 
		"PreserveType": null, 
		"InputPriceBased": false, 
		"OutputPriceIncrement": 200, 
		"OutputPriceMultiplier": 2.5, 
		"KeepInputQuanlity": false, 
		"OutputQuality": 0, 
		"OutputStack": 1, 
		"Sounds": ["Ship"], 
		"PlacingAnimation": "Fire", 
		"PlacingAnimationColorName": "White", 
	},
	{
		"ProducerName": "Drying Rack", 
		"InputIdentifier": -80, 
		"InputStack": 1, 
		"FuelIdentifier": null, 
		"FuelStack": 1, 
		"MinutesUntilReady": 2250, 
		"OutputIdentifier": "Dried Flower",  
		"OutputName": "Dried", 
		"CompoundOutputName": "Prefix", 
		"PreserveType": null, 
		"InputPriceBased": true, 
		"OutputPriceIncrement": 0, 
		"OutputPriceMultiplier": 1.75, 
		"KeepInputQuanlity": false, 
		"OutputQuality": 0, 
		"OutputStack": 1, 
		"Sounds": ["Ship"], 
		"PlacingAnimation": "Fire", 
		"PlacingAnimationColorName": "White", 
	},
	{
		"ProducerName": "Drying Rack", 
		"InputIdentifier": "herb_item", 
		"InputStack": 1, 
		"FuelIdentifier": null, 
		"FuelStack": 1, 
		"MinutesUntilReady": 2250, 
		"OutputIdentifier": "Dried Herb",  
		"OutputName": "Dried", 
		"CompoundOutputName": "Prefix", 
		"PreserveType": null, 
		"InputPriceBased": true, 
		"OutputPriceIncrement": 0, 
		"OutputPriceMultiplier": 1.75, 
		"KeepInputQuanlity": false, 
		"OutputQuality": 0, 
		"OutputStack": 1, 
		"Sounds": ["Ship"], 
		"PlacingAnimation": "Fire", 
		"PlacingAnimationColorName": "White", 
	},
	{
		"ProducerName": "Drying Rack", 
		"InputIdentifier": -75, 
		"InputStack": 1, 
		"FuelIdentifier": null, 
		"FuelStack": 1, 
		"MinutesUntilReady": 2250, 
		"OutputIdentifier": "Dried Vegetable",  
		"OutputName": "Dried", 
		"CompoundOutputName": "Prefix", 
		"PreserveType": null, 
		"InputPriceBased": true, 
		"OutputPriceIncrement": 0, 
		"OutputPriceMultiplier": 2, 
		"KeepInputQuanlity": false, 
		"OutputQuality": 0, 
		"OutputStack": 1, 
		"Sounds": ["Ship"], 
		"PlacingAnimation": "Fire", 
		"PlacingAnimationColorName": "White", 
	},
	{
		"ProducerName": "Drying Rack", 
		"InputIdentifier": "mushroom_item", 
		"InputStack": 1, 
		"FuelIdentifier": null, 
		"FuelStack": 1, 
		"MinutesUntilReady": 2250, 
		"OutputIdentifier": "Dried Mushroom",  
		"OutputName": "Dried", 
		"CompoundOutputName": "Prefix", 
		"PreserveType": null, 
		"InputPriceBased": true, 
		"OutputPriceIncrement": 0, 
		"OutputPriceMultiplier": 1.75, 
		"KeepInputQuanlity": false, 
		"OutputQuality": 0, 
		"OutputStack": 1, 
		"Sounds": ["Ship"], 
		"PlacingAnimation": "Fire", 
		"PlacingAnimationColorName": "White", 
	},

	// Oil Maker

	{
		"ProducerName": "Oil Maker", 
		"InputIdentifier": 88, 
		"InputStack": 1, 
		"FuelIdentifier": null, 
		"FuelStack": 1, 
		"MinutesUntilReady": 60, 
		"OutputIdentifier": "Coconut Oil",  
		"OutputName": null, 
		"CompoundOutputName": null, 
		"PreserveType": null, 
		"InputPriceBased": false, 
		"OutputPriceIncrement": 200, 
		"OutputPriceMultiplier": 2.5, 
		"KeepInputQuanlity": false, 
		"OutputQuality": 0, 
		"OutputStack": 1, 
		"Sounds": ["Ship"], 
		"PlacingAnimation": "Fire", 
		"PlacingAnimationColorName": "White", 
	},
	{
		"ProducerName": "Oil Maker", 
		"InputIdentifier": "Cotton Boll", 
		"InputStack": 1, 
		"FuelIdentifier": null, 
		"FuelStack": 1, 
		"MinutesUntilReady": 480, 
		"OutputIdentifier": "Cottonseed Oil",  
		"OutputName": null, 
		"CompoundOutputName": null, 
		"PreserveType": null, 
		"InputPriceBased": false, 
		"OutputPriceIncrement": 200, 
		"OutputPriceMultiplier": 2.5, 
		"KeepInputQuanlity": false, 
		"OutputQuality": 0, 
		"OutputStack": 1, 
		"Sounds": ["Ship"], 
		"PlacingAnimation": "Fire", 
		"PlacingAnimationColorName": "White", 
	},
	{
		"ProducerName": "Oil Maker", 
		"InputIdentifier": "Olive", 
		"InputStack": 1, 
		"FuelIdentifier": null, 
		"FuelStack": 1, 
		"MinutesUntilReady": 60, 
		"OutputIdentifier": "Olive Oil",  
		"OutputName": null, 
		"CompoundOutputName": null, 
		"PreserveType": null, 
		"InputPriceBased": false, 
		"OutputPriceIncrement": 200, 
		"OutputPriceMultiplier": 2.5, 
		"KeepInputQuanlity": false, 
		"OutputQuality": 0, 
		"OutputStack": 1, 
		"Sounds": ["Ship"], 
		"PlacingAnimation": "Fire", 
		"PlacingAnimationColorName": "White", 
	},
	{
		"ProducerName": "Oil Maker", 
		"InputIdentifier": "Peanut", 
		"InputStack": 1, 
		"FuelIdentifier": null, 
		"FuelStack": 1, 
		"MinutesUntilReady": 480, 
		"OutputIdentifier": "Peanut Oil",  
		"OutputName": null, 
		"CompoundOutputName": null, 
		"PreserveType": null, 
		"InputPriceBased": false, 
		"OutputPriceIncrement": 200, 
		"OutputPriceMultiplier": 2.5, 
		"KeepInputQuanlity": false, 
		"OutputQuality": 0, 
		"OutputStack": 1, 
		"Sounds": ["Ship"], 
		"PlacingAnimation": "Fire", 
		"PlacingAnimationColorName": "White", 
	},
	{
		"ProducerName": "Oil Maker", 
		"InputIdentifier": "Sesame Seeds", 
		"InputStack": 1, 
		"FuelIdentifier": null, 
		"FuelStack": 1, 
		"MinutesUntilReady": 480, 
		"OutputIdentifier": "Sesame Oil",  
		"OutputName": null, 
		"CompoundOutputName": null, 
		"PreserveType": null, 
		"InputPriceBased": false, 
		"OutputPriceIncrement": 200, 
		"OutputPriceMultiplier": 2.5, 
		"KeepInputQuanlity": false, 
		"OutputQuality": 0, 
		"OutputStack": 1, 
		"Sounds": ["Ship"], 
		"PlacingAnimation": "Fire", 
		"PlacingAnimationColorName": "White", 
	},

	// Extruder

	{
		"ProducerName": "Extruder", 
		"InputIdentifier": 340, 
		"InputStack": 1, 
		"FuelIdentifier":null, 
		"FuelStack":4, 
		"MinutesUntilReady": 60, 
		"OutputIdentifier":"Beeswax",  
		"OutputName": null, 
		"CompoundOutputName": null, 
		"PreserveType": null, 
		"InputPriceBased": false, 
		"OutputPriceIncrement": 200, 
		"OutputPriceMultiplier": 2.5, 
		"KeepInputQuanlity": false, 
		"OutputQuality": 0, 
		"OutputStack": 1, 
		"Sounds": ["Ship"], 
		"PlacingAnimation": "Fire", 
		"PlacingAnimationColorName": "White", 
	},
	{
		"ProducerName": "Extruder", 
		"InputIdentifier": "Rice Flour", 
		"InputStack": 1, 
		"FuelIdentifier":null, 
		"FuelStack":4, 
		"MinutesUntilReady": 360, 
		"OutputIdentifier":"Rice Noodles",  
		"OutputName": null, 
		"CompoundOutputName": null, 
		"PreserveType": null, 
		"InputPriceBased": false, 
		"OutputPriceIncrement": 200, 
		"OutputPriceMultiplier": 2.5, 
		"KeepInputQuanlity": false, 
		"OutputQuality": 0, 
		"OutputStack": 1, 
		"Sounds": ["Ship"], 
		"PlacingAnimation": "Fire", 
		"PlacingAnimationColorName": "White", 
	},
	{
		"ProducerName": "Extruder", 
		"InputIdentifier": "Cassava", 
		"InputStack": 1, 
		"FuelIdentifier":null, 
		"FuelStack":4, 
		"MinutesUntilReady": 1600, 
		"OutputIdentifier":"Tapioca",  
		"OutputName": null, 
		"CompoundOutputName": null, 
		"PreserveType": null, 
		"InputPriceBased": false, 
		"OutputPriceIncrement": 200, 
		"OutputPriceMultiplier": 2.5, 
		"KeepInputQuanlity": false, 
		"OutputQuality": 0, 
		"OutputStack": 1, 
		"Sounds": ["Ship"], 
		"PlacingAnimation": "Fire", 
		"PlacingAnimationColorName": "White", 
	},

	// Grinder

	{
		"ProducerName": "Grinder", 
		"InputIdentifier": 418, 
		"InputStack": 1, 
		"FuelIdentifier": null, 
		"FuelStack": 1, 
		"MinutesUntilReady": 240, 
		"OutputIdentifier": "Saffron",  
		"OutputName": null, 
		"CompoundOutputName": null, 
		"PreserveType": null, 
		"InputPriceBased": false, 
		"OutputPriceIncrement": 200, 
		"OutputPriceMultiplier": 2.5, 
		"KeepInputQuanlity": false, 
		"OutputQuality": 0, 
		"OutputStack": 1, 
		"Sounds": ["Ship"], 
		"PlacingAnimation": "Fire", 
		"PlacingAnimationColorName": "White", 
	},
	{
		"ProducerName": "Grinder", 
		"InputIdentifier": 284, 
		"InputStack": 1, 
		"FuelIdentifier": null, 
		"FuelStack": 1, 
		"MinutesUntilReady": 1600, 
		"OutputIdentifier": 245,  
		"OutputName": null, 
		"CompoundOutputName": null, 
		"PreserveType": null, 
		"InputPriceBased": false, 
		"OutputPriceIncrement": 200, 
		"OutputPriceMultiplier": 2.5, 
		"KeepInputQuanlity": false, 
		"OutputQuality": 0, 
		"OutputStack": 1, 
		"Sounds": ["Ship"], 
		"PlacingAnimation": "Fire", 
		"PlacingAnimationColorName": "White", 
	},
	{
		"ProducerName": "Grinder", 
		"InputIdentifier": "Sugar Beet", 
		"InputStack": 1, 
		"FuelIdentifier": null, 
		"FuelStack": 1, 
		"MinutesUntilReady": 1600, 
		"OutputIdentifier": 245,  
		"OutputName": null, 
		"CompoundOutputName": null, 
		"PreserveType": null, 
		"InputPriceBased": false, 
		"OutputPriceIncrement": 200, 
		"OutputPriceMultiplier": 2.5, 
		"KeepInputQuanlity": false, 
		"OutputQuality": 0, 
		"OutputStack": 1, 
		"Sounds": ["Ship"], 
		"PlacingAnimation": "Fire", 
		"PlacingAnimationColorName": "White", 
	},
	{
		"ProducerName": "Grinder", 
		"InputIdentifier": "Sugar Cane", 
		"InputStack": 1, 
		"FuelIdentifier": null, 
		"FuelStack": 1, 
		"MinutesUntilReady": 1600, 
		"OutputIdentifier": 245,  
		"OutputName": null, 
		"CompoundOutputName": null, 
		"PreserveType": null, 
		"InputPriceBased": false, 
		"OutputPriceIncrement": 200, 
		"OutputPriceMultiplier": 2.5, 
		"KeepInputQuanlity": false, 
		"OutputQuality": 0, 
		"OutputStack": 1, 
		"Sounds": ["Ship"], 
		"PlacingAnimation": "Fire", 
		"PlacingAnimationColorName": "White", 
	},
	{
		"ProducerName": "Grinder", 
		"InputIdentifier": "Wasabi Root", 
		"InputStack": 1, 
		"FuelIdentifier": null, 
		"FuelStack": 1, 
		"MinutesUntilReady": 240, 
		"OutputIdentifier": "Wasabi Paste",  
		"OutputName": null, 
		"CompoundOutputName": null, 
		"PreserveType": null, 
		"InputPriceBased": false, 
		"OutputPriceIncrement": 200, 
		"OutputPriceMultiplier": 2.5, 
		"KeepInputQuanlity": false, 
		"OutputQuality": 0, 
		"OutputStack": 1, 
		"Sounds": ["Ship"], 
		"PlacingAnimation": "Fire", 
		"PlacingAnimationColorName": "White", 
	},
	{
		"ProducerName": "Grinder", 
		"InputIdentifier": 613, 
		"InputStack": 1, 
		"FuelIdentifier": null, 
		"FuelStack": 1, 
		"MinutesUntilReady": 60, 
		"OutputIdentifier": "Apple Rind",  
		"OutputName": null, 
		"CompoundOutputName": null, 
		"PreserveType": null, 
		"InputPriceBased": false, 
		"OutputPriceIncrement": 200, 
		"OutputPriceMultiplier": 2.5, 
		"KeepInputQuanlity": false, 
		"OutputQuality": 0, 
		"OutputStack": 1, 
		"Sounds": ["Ship"], 
		"PlacingAnimation": "Fire", 
		"PlacingAnimationColorName": "White", 
	},
	{
		"ProducerName": "Grinder", 
		"InputIdentifier": 262, 
		"InputStack": 1, 
		"FuelIdentifier": null, 
		"FuelStack": 1, 
		"MinutesUntilReady": 1600, 
		"OutputIdentifier": "Wheat Flour",  
		"OutputName": null, 
		"CompoundOutputName": null, 
		"PreserveType": null, 
		"InputPriceBased": false, 
		"OutputPriceIncrement": 200, 
		"OutputPriceMultiplier": 2.5, 
		"KeepInputQuanlity": false, 
		"OutputQuality": 0, 
		"OutputStack": 1, 
		"Sounds": ["Ship"], 
		"PlacingAnimation": "Fire", 
		"PlacingAnimationColorName": "White", 
	},
	{
		"ProducerName": "Grinder", 
		"InputIdentifier": 270, 
		"InputStack": 1, 
		"FuelIdentifier": null, 
		"FuelStack": 1, 
		"MinutesUntilReady": 1600, 
		"OutputIdentifier": "Corn Flour",  
		"OutputName": null, 
		"CompoundOutputName": null, 
		"PreserveType": null, 
		"InputPriceBased": false, 
		"OutputPriceIncrement": 200, 
		"OutputPriceMultiplier": 2.5, 
		"KeepInputQuanlity": false, 
		"OutputQuality": 0, 
		"OutputStack": 1, 
		"Sounds": ["Ship"], 
		"PlacingAnimation": "Fire", 
		"PlacingAnimationColorName": "White", 
	},
	{
		"ProducerName": "Grinder", 
		"InputIdentifier": "herb_item", 
		"InputStack": 1, 
		"FuelIdentifier": null, 
		"FuelStack": 1, 
		"MinutesUntilReady": 360, 		
		"OutputIdentifier": "Ground Herb",  
		"OutputName": "Ground", 
		"CompoundOutputName": "Prefix", 		
		"PreserveType": null, 
		"InputPriceBased": true, 
		"OutputPriceIncrement": 0, 
		"OutputPriceMultiplier": 1.5, 
		"KeepInputQuanlity": false, 
		"OutputQuality": 0, 
		"OutputStack": 1, 
		"Sounds": ["Ship"], 
		"PlacingAnimation": "Fire", 
		"PlacingAnimationColorName": "White", 
	},

	// Infuser

	// Loom

	{
		"ProducerName": "Loom", 
		"InputIdentifier": 336, 
		"InputStack": 1, 
		"FuelIdentifier": null, 
		"FuelStack": 1, 
		"MinutesUntilReady": 180, 
		"OutputIdentifier": "Gold Thread",  
		"OutputName": null, 
		"CompoundOutputName": null, 
		"PreserveType": null, 
		"InputPriceBased": false, 
		"OutputPriceIncrement": 200, 
		"OutputPriceMultiplier": 2.5, 
		"KeepInputQuanlity": false, 
		"OutputQuality": 0, 
		"OutputStack": 1, 
		"Sounds": ["Ship"], 
		"PlacingAnimation": "Fire", 
		"PlacingAnimationColorName": "White", 
	},
	{
		"ProducerName": "Loom", 
		"InputIdentifier": "Cotton Boll", 
		"InputStack": 1, 
		"FuelIdentifier": null, 
		"FuelStack": 1, 
		"MinutesUntilReady": 180, 
		"OutputIdentifier": "Thread",  
		"OutputName": null, 
		"CompoundOutputName": null, 
		"PreserveType": null, 
		"InputPriceBased": false, 
		"OutputPriceIncrement": 200, 
		"OutputPriceMultiplier": 2.5, 
		"KeepInputQuanlity": false, 
		"OutputQuality": 0, 
		"OutputStack": 1, 
		"Sounds": ["Ship"], 
		"PlacingAnimation": "Fire", 
		"PlacingAnimationColorName": "White", 
	},
	{
		"ProducerName": "Loom", 
		"InputIdentifier": 771, 
		"InputStack": 1, 
		"FuelIdentifier": null, 
		"FuelStack": 1, 
		"MinutesUntilReady": 180, 
		"OutputIdentifier": "Twine",  
		"OutputName": null, 
		"CompoundOutputName": null, 
		"PreserveType": null, 
		"InputPriceBased": false, 
		"OutputPriceIncrement": 200, 
		"OutputPriceMultiplier": 2.5, 
		"KeepInputQuanlity": false, 
		"OutputQuality": 0, 
		"OutputStack": 1, 
		"Sounds": ["Ship"], 
		"PlacingAnimation": "Fire", 
		"PlacingAnimationColorName": "White", 
	},
	{
		"ProducerName": "Loom", 
		"InputIdentifier": 440, 
		"InputStack": 1, 
		"FuelIdentifier": null, 
		"FuelStack": 1, 
		"MinutesUntilReady": 120, 
		"OutputIdentifier": "Yarn",  
		"OutputName": null, 
		"CompoundOutputName": null, 
		"PreserveType": null, 
		"InputPriceBased": false, 
		"OutputPriceIncrement": 200, 
		"OutputPriceMultiplier": 2.5, 
		"KeepInputQuanlity": false, 
		"OutputQuality": 0, 
		"OutputStack": 1, 
		"Sounds": ["Ship"], 
		"PlacingAnimation": "Fire", 
		"PlacingAnimationColorName": "White", 
	},	
	{
		"ProducerName": "Loom", 
		"InputIdentifier": "Thread", 
		"InputStack": 5, 
		"FuelIdentifier": 66, 
		"FuelStack": 1, 
		"MinutesUntilReady": 240, 
		"OutputIdentifier": 789,  
		"OutputName": null, 
		"CompoundOutputName": null, 
		"PreserveType": null, 
		"InputPriceBased": false, 
		"OutputPriceIncrement": 200, 
		"OutputPriceMultiplier": 2.5, 
		"KeepInputQuanlity": false, 
		"OutputQuality": 0, 
		"OutputStack": 1, 
		"Sounds": ["Ship"], 
		"PlacingAnimation": "Fire", 
		"PlacingAnimationColorName": "White", 
	},

	// Yogurt Jar

	{
		"ProducerName": "Yogurt Jar", 
		"InputIdentifier": "goat_milk_item", 
		"InputStack": 1, 
		"FuelIdentifier": null, 
		"FuelStack": 1, 
		"MinutesUntilReady": 1600, 
		"OutputIdentifier": "Goat Yogurt",  
		"OutputName": null, 
		"CompoundOutputName": null, 
		"PreserveType": null, 
		"InputPriceBased": false, 
		"OutputPriceIncrement": 0, 
		"OutputPriceMultiplier": 2, 
		"KeepInputQuanlity": false, 
		"OutputQuality": 0, 
		"OutputStack": 1, 
		"Sounds": ["Ship"], 
		"PlacingAnimation": "Fire", 
		"PlacingAnimationColorName": "White", 
	},
	{
		"ProducerName": "Yogurt Jar", 
		"InputIdentifier": "cow_milk_item", 
		"InputStack": 1, 
		"FuelIdentifier": null, 
		"FuelStack": 1, 
		"MinutesUntilReady": 1600, 
		"OutputIdentifier": "Yogurt",  
		"OutputName": null, 
		"CompoundOutputName": null, 
		"PreserveType": null, 
		"InputPriceBased": false, 
		"OutputPriceIncrement": 0, 
		"OutputPriceMultiplier": 2, 
		"KeepInputQuanlity": false, 
		"OutputQuality": 0, 
		"OutputStack": 1, 
		"Sounds": ["Ship"], 
		"PlacingAnimation": "Fire", 
		"PlacingAnimationColorName": "White", 
	},
	{
		"ProducerName": "Yogurt Jar", 
		"InputIdentifier": -79, 
		"InputStack": 1, 
		"FuelIdentifier": null, 
		"FuelStack": 1, 
		"MinutesUntilReady": 1600, 
		"OutputIdentifier": "Fruit Yogurt",  
		"OutputName": "Yogurt", 
		"CompoundOutputName": "Suffix", 
		"PreserveType": null, 
		"InputPriceBased": true, 
		"OutputPriceIncrement": 0, 
		"OutputPriceMultiplier": 1.25, 
		"KeepInputQuanlity": false, 
		"OutputQuality": 0, 
		"OutputStack": 1, 
		"Sounds": ["Ship"], 
		"PlacingAnimation": "Fire", 
		"PlacingAnimationColorName": "White", 
	},

	// Wax Barrel

	{
		"ProducerName": "Wax Barrel", 
		"InputIdentifier": -80, 
		"InputStack": 1, 
		"FuelIdentifier": "Beeswax", 
		"FuelStack": 1, 
		"MinutesUntilReady": 360, 
		"OutputIdentifier": "Candle",  
		"OutputName": null, 
		"CompoundOutputName": null, 
		"PreserveType": null, 
		"InputPriceBased": true, 
		"OutputPriceIncrement": 0, 
		"OutputPriceMultiplier": 2, 
		"KeepInputQuanlity": false, 
		"OutputQuality": 0, 
		"OutputStack": 1, 
		"Sounds": ["Ship"], 
		"PlacingAnimation": "Fire", 
		"PlacingAnimationColorName": "White", 
	},

	// Ice Cream Machine

	{
		"ProducerName": "Ice Cream Machine", 
		"InputIdentifier": "Chocolate", 
		"InputStack": 1, 
		"FuelIdentifier": -6, 
		"FuelStack": 1, 
		"MinutesUntilReady": 120, 
		"OutputIdentifier": "Chocolate Ice Cream",  
		"OutputName": null, 
		"CompoundOutputName": null, 
		"PreserveType": null, 
		"InputPriceBased": false, 
		"OutputPriceIncrement": 0, 
		"OutputPriceMultiplier": 2, 
		"KeepInputQuanlity": false, 
		"OutputQuality": 0, 
		"OutputStack": 1, 
		"Sounds": ["Ship"], 
		"PlacingAnimation": "Fire", 
		"PlacingAnimationColorName": "White", 
	},
	{
		"ProducerName": "Ice Cream Machine", 
		"InputIdentifier": "Matcha Powder", 
		"InputStack": 1, 
		"FuelIdentifier": -6, 
		"FuelStack": 1, 
		"MinutesUntilReady": 120, 
		"OutputIdentifier": "Matcha Ice Cream",  
		"OutputName": null, 
		"CompoundOutputName": null, 
		"PreserveType": null, 
		"InputPriceBased": false, 
		"OutputPriceIncrement": 0, 
		"OutputPriceMultiplier": 2, 
		"KeepInputQuanlity": false, 
		"OutputQuality": 0, 
		"OutputStack": 1, 
		"Sounds": ["Ship"], 
		"PlacingAnimation": "Fire", 
		"PlacingAnimationColorName": "White", 
	},
	{
		"ProducerName": "Ice Cream Machine", 
		"InputIdentifier": 635, 
		"InputStack": 1, 
		"FuelIdentifier": -6, 
		"FuelStack": 1, 
		"MinutesUntilReady": 120, 
		"OutputIdentifier": "Orange Sherbet",  
		"OutputName": null, 
		"CompoundOutputName": null, 
		"PreserveType": null, 
		"InputPriceBased": false, 
		"OutputPriceIncrement": 0, 
		"OutputPriceMultiplier": 2, 
		"KeepInputQuanlity": false, 
		"OutputQuality": 0, 
		"OutputStack": 1, 
		"Sounds": ["Ship"], 
		"PlacingAnimation": "Fire", 
		"PlacingAnimationColorName": "White", 
	},
	{
		"ProducerName": "Ice Cream Machine", 
		"InputIdentifier": 400, 
		"InputStack": 1, 
		"FuelIdentifier": -6, 
		"FuelStack": 1, 
		"MinutesUntilReady": 120, 
		"OutputIdentifier": "Strawberry Ice Cream",  
		"OutputName": null, 
		"CompoundOutputName": null, 
		"PreserveType": null, 
		"InputPriceBased": false, 
		"OutputPriceIncrement": 0, 
		"OutputPriceMultiplier": 2, 
		"KeepInputQuanlity": false, 
		"OutputQuality": 0, 
		"OutputStack": 1, 
		"Sounds": ["Ship"], 
		"PlacingAnimation": "Fire", 
		"PlacingAnimationColorName": "White", 
	},
	{
		"ProducerName": "Ice Cream Machine", 
		"InputIdentifier": "Vanilla", 
		"InputStack": 1, 
		"FuelIdentifier": -6, 
		"FuelStack": 1, 
		"MinutesUntilReady": 120, 
		"OutputIdentifier": "Vanilla Ice Cream",  
		"OutputName": null, 
		"CompoundOutputName": null, 
		"PreserveType": null, 
		"InputPriceBased": false, 
		"OutputPriceIncrement": 0, 
		"OutputPriceMultiplier": 2, 
		"KeepInputQuanlity": false, 
		"OutputQuality": 0, 
		"OutputStack": 1, 
		"Sounds": ["Ship"], 
		"PlacingAnimation": "Fire", 
		"PlacingAnimationColorName": "White", 
	},
	{
		"ProducerName": "Ice Cream Machine", 
		"InputIdentifier": 74, 
		"InputStack": 1, 
		"FuelIdentifier": -6, 
		"FuelStack": 1, 
		"MinutesUntilReady": 6000, 
		"OutputIdentifier": "Prismatic Ice Cream",  
		"OutputName": null, 
		"CompoundOutputName": null, 
		"PreserveType": null, 
		"InputPriceBased": false, 
		"OutputPriceIncrement": 0, 
		"OutputPriceMultiplier": 2, 
		"KeepInputQuanlity": false, 
		"OutputQuality": 0, 
		"OutputStack": 1, 
		"Sounds": ["Ship"], 
		"PlacingAnimation": "Fire", 
		"PlacingAnimationColorName": "White", 
	},

	// Alembic

	{
		"ProducerName": "Alembic", 
		"InputIdentifier": -80, 
		"InputStack": 1, 
		"FuelIdentifier": null, 
		"FuelStack": 1, 
		"MinutesUntilReady": 720, 
		"OutputIdentifier": "Essential Oil",  
		"OutputName": "Essential Oil", 
		"CompoundOutputName": "Suffix", 
		"PreserveType": null, 
		"InputPriceBased": true, 
		"OutputPriceIncrement": 0, 
		"OutputPriceMultiplier": 2, 
		"KeepInputQuanlity": false, 
		"OutputQuality": 0, 
		"OutputStack": 1, 
		"Sounds": ["Ship"], 
		"PlacingAnimation": "Fire", 
		"PlacingAnimationColorName": "White", 
	},
	{
		"ProducerName": "Alembic", 
		"InputIdentifier": -79, 
		"InputStack": 1, 
		"FuelIdentifier": null, 
		"FuelStack": 1, 
		"MinutesUntilReady": 720, 
		"OutputIdentifier": "Essential Oil",  
		"OutputName": "Essential Oil", 
		"CompoundOutputName": "Suffix", 
		"PreserveType": null, 
		"InputPriceBased": true, 
		"OutputPriceIncrement": 0, 
		"OutputPriceMultiplier": 2, 
		"KeepInputQuanlity": false, 
		"OutputQuality": 0, 
		"OutputStack": 1, 
		"Sounds": ["Ship"], 
		"PlacingAnimation": "Fire", 
		"PlacingAnimationColorName": "White", 
	},
	{
		"ProducerName": "Alembic", 
		"InputIdentifier": -75, 
		"InputStack": 1, 
		"FuelIdentifier": null, 
		"FuelStack": 1, 
		"MinutesUntilReady": 720, 
		"OutputIdentifier": "Essential Oil",  
		"OutputName": "Essential Oil", 
		"CompoundOutputName": "Suffix", 
		"PreserveType": null, 
		"InputPriceBased": true, 
		"OutputPriceIncrement": 0, 
		"OutputPriceMultiplier": 2, 
		"KeepInputQuanlity": false, 
		"OutputQuality": 0, 
		"OutputStack": 1, 
		"Sounds": ["Ship"], 
		"PlacingAnimation": "Fire", 
		"PlacingAnimationColorName": "White", 
	},

	// Vinegar Cask

	{
		"ProducerName": "Cask", 
		"InputIdentifier": 398, 
		"InputStack": 1, 
		"FuelIdentifier": null, 
		"FuelStack": 1, 
		"MinutesUntilReady": 2360, 
		"OutputIdentifier": 419,  
		"OutputName": null, 
		"CompoundOutputName": null, 
		"PreserveType": null, 
		"InputPriceBased": false, 
		"OutputPriceIncrement": 0, 
		"OutputPriceMultiplier": 2, 
		"KeepInputQuanlity": false, 
		"OutputQuality": 0, 
		"OutputStack": 1, 
		"Sounds": ["Ship"], 
		"PlacingAnimation": "Fire", 
		"PlacingAnimationColorName": "White", 
	},

	// Juicer

	{
		"ProducerName": "Juicer", 
		"InputIdentifier": -79, 
		"InputStack": 1, 
		"FuelIdentifier": null, 
		"FuelStack": 1, 
		"MinutesUntilReady": 1440, 
		"OutputIdentifier": "Fruit Juice",  
		"OutputName": "Juice", 
		"CompoundOutputName": "Suffix", 
		"PreserveType": null, 
		"InputPriceBased": true, 
		"OutputPriceIncrement": 0, 
		"OutputPriceMultiplier": 2, 
		"KeepInputQuanlity": false, 
		"OutputQuality": 0, 
		"OutputStack": 1, 
		"Sounds": ["Ship"], 
		"PlacingAnimation": "Fire", 
		"PlacingAnimationColorName": "White", 
	},

	// Soap Press

	{
		"ProducerName": "Soap Press", 
		"InputIdentifier": -80, 
		"InputStack": 1, 
		"FuelIdentifier": 247, 
		"FuelStack": 1, 
		"MinutesUntilReady": 720, 
		"OutputIdentifier": "Handmade Soap",  
		"OutputName": "Handmade Soap", 
		"CompoundOutputName": "Suffix", 
		"PreserveType": null, 
		"InputPriceBased": true, 
		"OutputPriceIncrement": 0, 
		"OutputPriceMultiplier": 2, 
		"KeepInputQuanlity": false, 
		"OutputQuality": 0, 
		"OutputStack": 1, 
		"Sounds": ["Ship"], 
		"PlacingAnimation": "Fire", 
		"PlacingAnimationColorName": "White", 
	},
	{
		"ProducerName": "Soap Press", 
		"InputIdentifier": 408, 
		"InputStack": 1, 
		"FuelIdentifier": 247, 
		"FuelStack": 1, 
		"MinutesUntilReady": 720, 
		"OutputIdentifier": "Handmade Soap",  
		"OutputName": "Handmade Soap", 
		"CompoundOutputName": "Suffix", 
		"PreserveType": null, 
		"InputPriceBased": true, 
		"OutputPriceIncrement": 0, 
		"OutputPriceMultiplier": 2, 
		"KeepInputQuanlity": false, 
		"OutputQuality": 0, 
		"OutputStack": 1, 
		"Sounds": ["Ship"], 
		"PlacingAnimation": "Fire", 
		"PlacingAnimationColorName": "White", 
	},
	{
		"ProducerName": "Soap Press", 
		"InputIdentifier": "nut_item", //Almond, Cashew, Cocoa Pod, Pecan, Walnut
		"InputStack": 1, 
		"FuelIdentifier": 247, 
		"FuelStack": 1, 
		"MinutesUntilReady": 360, 
		"OutputIdentifier": "Handmade Soap",  
		"OutputName": "Handmade Soap", 
		"CompoundOutputName": "Suffix", 
		"PreserveType": null, 
		"InputPriceBased": true, 
		"OutputPriceIncrement": 0, 
		"OutputPriceMultiplier": 2, 
		"KeepInputQuanlity": false, 
		"OutputQuality": 0, 
		"OutputStack": 1, 
		"Sounds": ["Ship"], 
		"PlacingAnimation": "Fire", 
		"PlacingAnimationColorName": "White", 
	},
	{
		"ProducerName": "Soap Press", 
		"InputIdentifier": "fruit_tree_herb_item", //Camphor Leaves, Cinnamon Sticks, Eucalyptus Leaves, Melaleuca Leaves
		"InputStack": 1, 
		"FuelIdentifier": 247, 
		"FuelStack": 1, 
		"MinutesUntilReady": 360, 
		"OutputIdentifier": "Handmade Soap",  
		"OutputName": "Handmade Soap", 
		"CompoundOutputName": "Suffix", 
		"PreserveType": null, 
		"InputPriceBased": true, 
		"OutputPriceIncrement": 0, 
		"OutputPriceMultiplier": 2, 
		"KeepInputQuanlity": false, 
		"OutputQuality": 0, 
		"OutputStack": 1, 
		"Sounds": ["Ship"], 
		"PlacingAnimation": "Fire", 
		"PlacingAnimationColorName": "White", 
	},

	// Mayonnaise Machine

	{
		"ProducerName": "Mayonnaise Machine", 
		"InputIdentifier": 558, 
		"InputStack": 1, 
		"FuelIdentifier": -5, 
		"FuelStack": 1, 
		"MinutesUntilReady": 360, 
		"OutputIdentifier":"Thunder Mayonnaise",  
		"OutputName": null, 
		"CompoundOutputName": null, 
		"PreserveType": null, 
		"InputPriceBased": false, 
		"OutputPriceIncrement": 200, 
		"OutputPriceMultiplier": 2.5, 
		"KeepInputQuanlity": false, 
		"OutputQuality": 0, 
		"OutputStack": 1, 
		"Sounds": ["Ship"], 
		"PlacingAnimation": "Fire", 
		"PlacingAnimationColorName": "White", 
	},
	{
		"ProducerName": "Mayonnaise Machine", 
		"InputIdentifier": 789, 
		"InputStack": 1, 
		"FuelIdentifier": -5, 
		"FuelStack": 1, 
		"MinutesUntilReady": 360, 
		"OutputIdentifier":"Lucky Purple Mayonnaise",  
		"OutputName": null, 
		"CompoundOutputName": null, 
		"PreserveType": null, 
		"InputPriceBased": false, 
		"OutputPriceIncrement": 200, 
		"OutputPriceMultiplier": 2.5, 
		"KeepInputQuanlity": false, 
		"OutputQuality": 0, 
		"OutputStack": 1, 
		"Sounds": ["Ship"], 
		"PlacingAnimation": "Fire", 
		"PlacingAnimationColorName": "White", 
	},
	{
		"ProducerName": "Mayonnaise Machine", 
		"InputIdentifier": "Avocado", 
		"InputStack": 1, 
		"FuelIdentifier": -5, 
		"FuelStack": 1, 
		"MinutesUntilReady": 360, 
		"OutputIdentifier":"Avocado Mayonnaise",  
		"OutputName": null, 
		"CompoundOutputName": null, 
		"PreserveType": null, 
		"InputPriceBased": false, 
		"OutputPriceIncrement": 200, 
		"OutputPriceMultiplier": 2.5, 
		"KeepInputQuanlity": false, 
		"OutputQuality": 0, 
		"OutputStack": 1, 
		"Sounds": ["Ship"], 
		"PlacingAnimation": "Fire", 
		"PlacingAnimationColorName": "White", 
	},
	{
		"ProducerName": "Mayonnaise Machine", 
		"InputIdentifier": "Pepper", 
		"InputStack": 1, 
		"FuelIdentifier": -5, 
		"FuelStack": 1, 
		"MinutesUntilReady": 360, 
		"OutputIdentifier":"Black Pepper Mayonnaise",  
		"OutputName": null, 
		"CompoundOutputName": null, 
		"PreserveType": null, 
		"InputPriceBased": false, 
		"OutputPriceIncrement": 200, 
		"OutputPriceMultiplier": 2.5, 
		"KeepInputQuanlity": false, 
		"OutputQuality": 0, 
		"OutputStack": 1, 
		"Sounds": ["Ship"], 
		"PlacingAnimation": "Fire", 
		"PlacingAnimationColorName": "White", 
	},
	{
		"ProducerName": "Mayonnaise Machine", 
		"InputIdentifier": "Olive Oil", 
		"InputStack": 1, 
		"FuelIdentifier": -5, 
		"FuelStack": 1, 
		"MinutesUntilReady": 360, 
		"OutputIdentifier":"Olive Oil Mayonnaise",  
		"OutputName": null, 
		"CompoundOutputName": null, 
		"PreserveType": null, 
		"InputPriceBased": false, 
		"OutputPriceIncrement": 200, 
		"OutputPriceMultiplier": 2.5, 
		"KeepInputQuanlity": false, 
		"OutputQuality": 0, 
		"OutputStack": 1, 
		"Sounds": ["Ship"], 
		"PlacingAnimation": "Fire", 
		"PlacingAnimationColorName": "White", 
	},
	{
		"ProducerName": "Mayonnaise Machine", 
		"InputIdentifier": 248, 
		"InputStack": 1, 
		"FuelIdentifier": -5, 
		"FuelStack": 1, 
		"MinutesUntilReady": 360, 
		"OutputIdentifier":"Garlic Mayonnaise",  
		"OutputName": null, 
		"CompoundOutputName": null, 
		"PreserveType": null, 
		"InputPriceBased": false, 
		"OutputPriceIncrement": 200, 
		"OutputPriceMultiplier": 2.5, 
		"KeepInputQuanlity": false, 
		"OutputQuality": 0, 
		"OutputStack": 1, 
		"Sounds": ["Ship"], 
		"PlacingAnimation": "Fire", 
		"PlacingAnimationColorName": "White", 
	},
	{
		"ProducerName": "Mayonnaise Machine", 
		"InputIdentifier": "Wasabi Root", 
		"InputStack": 1, 
		"FuelIdentifier": -5, 
		"FuelStack": 1, 
		"MinutesUntilReady": 360, 
		"OutputIdentifier":"Wasabi Mayonnaise",  
		"OutputName": null, 
		"CompoundOutputName": null, 
		"PreserveType": null, 
		"InputPriceBased": false, 
		"OutputPriceIncrement": 200, 
		"OutputPriceMultiplier": 2.5, 
		"KeepInputQuanlity": false, 
		"OutputQuality": 0, 
		"OutputStack": 1, 
		"Sounds": ["Ship"], 
		"PlacingAnimation": "Fire", 
		"PlacingAnimationColorName": "White", 
	},

	// Smoker

	{
		"ProducerName": "Smoker", 
		"InputIdentifier": "fish_ocean", 
		"InputStack": 1, 
		"FuelIdentifier": 388, 
		"FuelStack": 1, 
		"MinutesUntilReady": 4320, 
		"OutputIdentifier": "Smoked Ocean Fish",  
		"OutputName": "Smoked", 
		"CompoundOutputName": "Prefix", 
		"PreserveType": null, 
		"InputPriceBased": true, 
		"OutputPriceIncrement": 0, 
		"OutputPriceMultiplier": 3, 
		"KeepInputQuanlity": false, 
		"OutputQuality": 0, 
		"OutputStack": 1, 
		"Sounds": ["Ship"], 
		"PlacingAnimation": "Fire", 
		"PlacingAnimationColorName": "White", 
	},
	{
		"ProducerName": "Smoker", 
		"InputIdentifier": "fish_river", 
		"InputStack": 1, 
		"FuelIdentifier": 388, 
		"FuelStack": 1, 
		"MinutesUntilReady": 4320, 
		"OutputIdentifier": "Smoked River Fish",  
		"OutputName": "Smoked", 
		"CompoundOutputName": "Prefix", 
		"PreserveType": null, 
		"InputPriceBased": true, 
		"OutputPriceIncrement": 0, 
		"OutputPriceMultiplier": 3, 
		"KeepInputQuanlity": false, 
		"OutputQuality": 0, 
		"OutputStack": 1, 
		"Sounds": ["Ship"], 
		"PlacingAnimation": "Fire", 
		"PlacingAnimationColorName": "White", 
	},
	{
		"ProducerName": "Smoker", 
		"InputIdentifier": "fish_lake", 
		"InputStack": 1, 
		"FuelIdentifier": 388, 
		"FuelStack": 1, 
		"MinutesUntilReady": 4320, 
		"OutputIdentifier": "Smoked Lake Fish",  
		"OutputName": "Smoked", 
		"CompoundOutputName": "Prefix", 
		"PreserveType": null, 
		"InputPriceBased": true, 
		"OutputPriceIncrement": 0, 
		"OutputPriceMultiplier": 3, 
		"KeepInputQuanlity": false, 
		"OutputQuality": 0, 
		"OutputStack": 1, 
		"Sounds": ["Ship"], 
		"PlacingAnimation": "Fire", 
		"PlacingAnimationColorName": "White", 
	},
	{
		"ProducerName": "Smoker", 
		"InputIdentifier": "fish_desert", 
		"InputStack": 1, 
		"FuelIdentifier": 388, 
		"FuelStack": 1, 
		"MinutesUntilReady": 4320, 
		"OutputIdentifier": "Smoked Lake Fish",  
		"OutputName": "Smoked", 
		"CompoundOutputName": "Prefix", 
		"PreserveType": null, 
		"InputPriceBased": true, 
		"OutputPriceIncrement": 0, 
		"OutputPriceMultiplier": 3, 
		"KeepInputQuanlity": false, 
		"OutputQuality": 0, 
		"OutputStack": 1, 
		"Sounds": ["Ship"], 
		"PlacingAnimation": "Fire", 
		"PlacingAnimationColorName": "White", 
	},
	{
		"ProducerName": "Smoker", 
		"InputIdentifier": 424, // Cow Cheese
		"InputStack": 1, 
		"FuelIdentifier": 388, 
		"FuelStack": 1, 
		"MinutesUntilReady": 4320, 
		"OutputIdentifier": 424,  
		"OutputName": "Smoked", 
		"CompoundOutputName": "Prefix", 
		"PreserveType": null, 
		"InputPriceBased": true, 
		"OutputPriceIncrement": 0, 
		"OutputPriceMultiplier": 2, 
		"KeepInputQuanlity": false, 
		"OutputQuality": 0, 
		"OutputStack": 1, 
		"Sounds": ["Ship"], 
		"PlacingAnimation": "Fire", 
		"PlacingAnimationColorName": "White", 
	},
	{
		"ProducerName": "Smoker", 
		"InputIdentifier": 426, // Goat Cheese
		"InputStack": 1, 
		"FuelIdentifier": 388, 
		"FuelStack": 1, 
		"MinutesUntilReady": 4320, 
		"OutputIdentifier": 426,  
		"OutputName": "Smoked", 
		"CompoundOutputName": "Prefix", 
		"PreserveType": null, 
		"InputPriceBased": true, 
		"OutputPriceIncrement": 0, 
		"OutputPriceMultiplier": 2, 
		"KeepInputQuanlity": false, 
		"OutputQuality": 0, 
		"OutputStack": 1, 
		"Sounds": ["Ship"], 
		"PlacingAnimation": "Fire", 
		"PlacingAnimationColorName": "White", 
	},

	// Espresso Machine

	{
		"ProducerName": "Espresso Machine", 
		"InputIdentifier": "Chocolate Syrup", 
		"InputStack": 1, 
		"FuelIdentifier": 433, 
		"FuelStack": 4, 
		"MinutesUntilReady": 120, 
		"OutputIdentifier":"Cafe Mocha",  
		"OutputName": null, 
		"CompoundOutputName": null, 
		"PreserveType": null, 
		"InputPriceBased": false, 
		"OutputPriceIncrement": 200, 
		"OutputPriceMultiplier": 2.5, 
		"KeepInputQuanlity": false, 
		"OutputQuality": 0, 
		"OutputStack": 1, 
		"Sounds": ["Ship"], 
		"PlacingAnimation": "Fire", 
		"PlacingAnimationColorName": "White", 
	},
	{
		"ProducerName": "Espresso Machine", 
		"InputIdentifier": 395, 
		"InputStack": 1, 
		"FuelIdentifier": 433, 
		"FuelStack": 4, 
		"MinutesUntilReady": 120, 
		"OutputIdentifier":"Cafe Americano",  
		"OutputName": null, 
		"CompoundOutputName": null, 
		"PreserveType": null, 
		"InputPriceBased": false, 
		"OutputPriceIncrement": 200, 
		"OutputPriceMultiplier": 2.5, 
		"KeepInputQuanlity": false, 
		"OutputQuality": 0, 
		"OutputStack": 1, 
		"Sounds": ["Ship"], 
		"PlacingAnimation": "Fire", 
		"PlacingAnimationColorName": "White", 
	},
	{
		"ProducerName": "Espresso Machine", 
		"InputIdentifier": 184, 
		"InputStack": 1, 
		"FuelIdentifier": 433, 
		"FuelStack": 4, 
		"MinutesUntilReady": 120, 
		"OutputIdentifier":"Macchiato",  
		"OutputName": null, 
		"CompoundOutputName": null, 
		"PreserveType": null, 
		"InputPriceBased": false, 
		"OutputPriceIncrement": 200, 
		"OutputPriceMultiplier": 2.5, 
		"KeepInputQuanlity": false, 
		"OutputQuality": 0, 
		"OutputStack": 1, 
		"Sounds": ["Ship"], 
		"PlacingAnimation": "Fire", 
		"PlacingAnimationColorName": "White", 
	},
	{
		"ProducerName": "Espresso Machine", 
		"InputIdentifier": 724, 
		"InputStack": 1, 
		"FuelIdentifier": 433, 
		"FuelStack": 4, 
		"MinutesUntilReady": 120, 
		"OutputIdentifier":"Maple Macchiato",  
		"OutputName": null, 
		"CompoundOutputName": null, 
		"PreserveType": null, 
		"InputPriceBased": false, 
		"OutputPriceIncrement": 200, 
		"OutputPriceMultiplier": 2.5, 
		"KeepInputQuanlity": false, 
		"OutputQuality": 0, 
		"OutputStack": 1, 
		"Sounds": ["Ship"], 
		"PlacingAnimation": "Fire", 
		"PlacingAnimationColorName": "White", 
	},
	{
		"ProducerName": "Espresso Machine", 
		"InputIdentifier": "Vanilla Ice Cream", 
		"InputStack": 1, 
		"FuelIdentifier": 433, 
		"FuelStack": 4, 
		"MinutesUntilReady": 120, 
		"OutputIdentifier":"Affogato",  
		"OutputName": null, 
		"CompoundOutputName": null, 
		"PreserveType": null, 
		"InputPriceBased": false, 
		"OutputPriceIncrement": 200, 
		"OutputPriceMultiplier": 2.5, 
		"KeepInputQuanlity": false, 
		"OutputQuality": 0, 
		"OutputStack": 1, 
		"Sounds": ["Ship"], 
		"PlacingAnimation": "Fire", 
		"PlacingAnimationColorName": "White", 
	},
	{
		"ProducerName": "Espresso Machine", 
		"InputIdentifier": "Vanilla", 
		"InputStack": 1, 
		"FuelIdentifier": 433, 
		"FuelStack": 4, 
		"MinutesUntilReady": 120, 
		"OutputIdentifier":"Vanilla Latte",  
		"OutputName": null, 
		"CompoundOutputName": null, 
		"PreserveType": null, 
		"InputPriceBased": false, 
		"OutputPriceIncrement": 200, 
		"OutputPriceMultiplier": 2.5, 
		"KeepInputQuanlity": false, 
		"OutputQuality": 0, 
		"OutputStack": 1, 
		"Sounds": ["Ship"], 
		"PlacingAnimation": "Fire", 
		"PlacingAnimationColorName": "White", 
	},
	{
		"ProducerName": "Espresso Machine", 
		"InputIdentifier": "Whiskey", 
		"InputStack": 1, 
		"FuelIdentifier": 433, 
		"FuelStack": 4, 
		"MinutesUntilReady": 120, 
		"OutputIdentifier":"Hot Irish Coffee",  
		"OutputName": null, 
		"CompoundOutputName": null, 
		"PreserveType": null, 
		"InputPriceBased": false, 
		"OutputPriceIncrement": 200, 
		"OutputPriceMultiplier": 2.5, 
		"KeepInputQuanlity": false, 
		"OutputQuality": 0, 
		"OutputStack": 1, 
		"Sounds": ["Ship"], 
		"PlacingAnimation": "Fire", 
		"PlacingAnimationColorName": "White", 
	},
	{
		"ProducerName": "Espresso Machine", 
		"InputIdentifier": 88, 
		"InputStack": 1, 
		"FuelIdentifier": 433, 
		"FuelStack": 4, 
		"MinutesUntilReady": 120, 
		"OutputIdentifier":"Toasted Coconut Mocha",  
		"OutputName": null, 
		"CompoundOutputName": null, 
		"PreserveType": null, 
		"InputPriceBased": false, 
		"OutputPriceIncrement": 200, 
		"OutputPriceMultiplier": 2.5, 
		"KeepInputQuanlity": false, 
		"OutputQuality": 0, 
		"OutputStack": 1, 
		"Sounds": ["Ship"], 
		"PlacingAnimation": "Fire", 
		"PlacingAnimationColorName": "White", 
	},

	// Pepper Blender

	{
		"ProducerName": "Espresso Machine", 
		"InputIdentifier": "Habanero", 
		"InputStack": 1, 
		"FuelIdentifier": 433, 
		"FuelStack": 4, 
		"MinutesUntilReady": 750, 
		"OutputIdentifier":"Habanero Extract",  
		"OutputName": null, 
		"CompoundOutputName": null, 
		"PreserveType": null, 
		"InputPriceBased": true, 
		"OutputPriceIncrement": 0, 
		"OutputPriceMultiplier": 0.25, 
		"KeepInputQuanlity": false, 
		"OutputQuality": 0, 
		"OutputStack": 1, 
		"Sounds": ["Ship"], 
		"PlacingAnimation": "Fire", 
		"PlacingAnimationColorName": "White", 
	},
	{
		"ProducerName": "Espresso Machine", 
		"InputIdentifier": "Jalapeno", 
		"InputStack": 1, 
		"FuelIdentifier": 433, 
		"FuelStack": 4, 
		"MinutesUntilReady": 750, 
		"OutputIdentifier":"Jalapeno Extract",  
		"OutputName": null, 
		"CompoundOutputName": null, 
		"PreserveType": null, 
		"InputPriceBased": true, 
		"OutputPriceIncrement": 0, 
		"OutputPriceMultiplier": 0.25, 
		"KeepInputQuanlity": false, 
		"OutputQuality": 0, 
		"OutputStack": 1, 
		"Sounds": ["Ship"], 
		"PlacingAnimation": "Fire", 
		"PlacingAnimationColorName": "White", 
	},
]