{
    "Name": "Essential Oil",
    "Description": "A concentrated liquid containing the aroma compounds of a plant.",
    "Category": "ArtisanGoods",
    "Edibility": -300,
    "Price": 50,
    "IsColored": false,
    "Recipe": null,
    "GiftTastes":
    {
        "Love": ["Emily", "Harvey"],
        "Like": ["Abigail", "Caroline", "Demetrius", "Elliott", "Evelyn", "Haley", "Leah", "Linus", "Marnie", "Sandy"],
        "Neutral": ["Alex", "Clint", "Dwarf", "George", "Gus", "Jas", "Jodi", "Kent", "Krobus", "Lewis", "Maru", "Pam", "Penny", "Pierre", "Robin", "Sam", "Sebastian", "Shane", "Vincent", "Willy", "Wizard"],
    },
    "NameLocalization":
    {
        "es": "Aceite esencial",
         // "ko": "",
        "de": "Ätherisches Öl",
         // "fr": "",
         // "hu": "",
         // "it": "",
         // "ja": "",
         // "pt": "",
         // "ru": "",
         // "tr": "",
        "zh": "精油",
    },
    "DescriptionLocalization":
    {
        "es": "Un líquido concentrado que contiene los compuestos aromáticos de una planta.",
         // "ko": "",
        "de": "Eine konzentrierte Flüssigkeit, die die Aromaverbindungen einer Pflanze enthält.",
         // "fr": "",
         // "hu": "",
         // "it": "",
         // "ja": "",
         // "pt": "",
         // "ru": "",
         // "tr": "",
        "zh": "含有植物芳香化合物的浓缩液体。 ",
    }
}