{
    "Name": "Vanilla Ice Cream",
    "Description": "You can never go wrong with the classics.",
    "Category": "ArtisanGoods",
    "Edibility": 38,
    "Price": 245,
    "IsColored": false,
    "Recipe": null,
    "GiftTastes":
    {
        "Love": ["Haley", "Demetrius"],
        "Like": ["Evelyn", "Caroline", "Jodi", "Linus", "Penny", "Sandy", "Clint", "George", "Abigial", "Alex", "Dwarf", "Elliott", "Gus", "Harvey", "Kent", "Lewis", "Maru", "Pam", "Pierre", "Robin", "Sam", "Shane", "Wizard", "Marnie", "Vincent", "Jas"],
        "Dislike": ["Emily", "Leah", "Krobus", "Sebastian", "Willy"]
    },
    "NameLocalization":
    {
        "es": "Helado de vainilla",
         // "ko": "",
        "de": "Vanille-Eiscreme",
         // "fr": "",
         // "hu": "",
         // "it": "",
         // "ja": "",
         // "pt": "",
         // "ru": "",
         // "tr": "",
        "zh": "香草冰淇淋",
    },
    "DescriptionLocalization":
    {
        "es": "Nunca puedes equivocarte con los clásicos.",
         // "ko": "",
        "de": "Mit den Klassikern kann man nie falsch liegen.",
         // "fr": "",
         // "hu": "",
         // "it": "",
         // "ja": "",
         // "pt": "",
         // "ru": "",
         // "tr": "",
        "zh": "你绝对不要错过这份经典的味道。",
    }
}