{
    "Name": "Cafe Mocha",
    "Description": "The happy marriage of chocolate to coffee.",
    "Category": "ArtisanGoods",
    "Edibility": 30,
    "EdibleIsDrink": true,
    "EdibleBuffs":
    {
        "Farming": 0,
        "Fishing": 0,
        "Mining": 0,
        "Luck": 0,
        "Foraging": 0,
        "MaxStamina": 0,
        "MagnetRadius": 0,
        "Speed": 1,
        "Defense": 0,
        "Attack": 0,
        "Duration": 180,
    },
    "Price": 500,
    "IsColored": false,
    "Recipe": null,
    "NameLocalization":
    {
        "es": "Café oca",
         // "ko": "",
        "de": "Cafe Mokka",
         // "fr": "",
         // "hu": "",
         // "it": "",
         // "ja": "",
         // "pt": "",
         // "ru": "",
         // "tr": "",
        "zh": "摩卡咖啡",
    },
    "DescriptionLocalization":
    {
        "es": "El feliz matrimonio del chocolate con el café.",
         // "ko": "",
        "de": "Die glückliche Ehe von Schokolade zu Kaffee.",
         // "fr": "",
         // "hu": "",
         // "it": "",
         // "ja": "",
         // "pt": "",
         // "ru": "",
         // "tr": "",
        "zh": "巧克力与咖啡的美满婚姻。",
    }
}