{
    "Name": "Yarn",
    "Description": "A ball of soft yarn.",
    "Category": "ArtisanGoods",
    "Edibility": -300,
    "Price": 200,
    "IsColored": false,
    "Recipe": null,
    "GiftTastes":
    {
        "Love": ["Emily", "Evelyn"],
        "Like": ["Leah"],
        "Neutral": ["Marnie", "Gus", "Clint", "George", "Sebastian", "Abigial", "Alex", "Caroline", "Demetrius", "Dwarf", "Elliott", "Haley", "Harvey", "Jodi", "Kent", "Krobus", "Leah", "Lewis", "Linus", "Maru", "Pierre", "Robin", "Sam", "Sandy", "Willy", "Wizard", "Pam", "Shane", "Penny", "Vincent", "Jas"],
    },
    "NameLocalization":
    {
        "es": "Bola de hilo",
         // "ko": "",
        "de": "Zwirn",
         // "fr": "",
         // "hu": "",
         // "it": "",
         // "ja": "",
         // "pt": "",
         // "ru": "",
         // "tr": "",
        "zh": "纱线",
    },
    "DescriptionLocalization":
    {
        "es": "Una bola de hilo.",
         // "ko": "",
        "de": "Ein Ball aus weichem Garn.",
         // "fr": "",
         // "hu": "",
         // "it": "",
         // "ja": "",
         // "pt": "",
         // "ru": "",
         // "tr": "",
        "zh": "一团柔软的纱线。",
    }
}