{
    "Name": "Pumpkin Spice Scone",
    "Description": "All the flavors of autumn are packed into each bite.",
    "Category": "Cooking",
    "Edibility": 36,
    "EdibleIsDrink": false,
    "EdibleBuffs": null,
    "Price": 220,
    "IsColored": false,
    "Recipe":
    {
        "ResultCount": 1,
        "Ingredients": [
        {
            "Object": 276,
            "Count": 1,
        },
        {
            "Object": 245,
            "Count": 1,
        },
        {
            "Object": 246,
            "Count": 1,
        },
        {
            "Object": -6,
            "Count": 1,
        },
        {
            "Object": "Cinnamon Sticks",
            "Count": 1,
        },
        {
            "Object": "Nutmeg",
            "Count": 1,
        }],
        "CanPurchase": true,
        "PurchaseFrom": "Gus",
        "PurchasePrice": 600,
        "PurchaseRequirements": null,
    },
    "NameLocalization":
    {
        "es": "Bollo de calabaza",
         // "ko": "",
        "de": "Kürbis-Gewürz-Scone",
         // "fr": "",
         // "hu": "",
         // "it": "",
         // "ja": "",
         // "pt": "",
         // "ru": "",
         // "tr": "",
        "zh": "南瓜香味烤饼",
    },
    "DescriptionLocalization":
    {
        "es": "Todos los sabores del otoño están embalados en cada bocado.",
         // "ko": "",
        "de": "Alle Aromen des Herbstes sind in jeden Bissen gepackt.",
         // "fr": "",
         // "hu": "",
         // "it": "",
         // "ja": "",
         // "pt": "",
         // "ru": "",
         // "tr": "",
        "zh": "每口都装满了秋天的所有风味。",
    }
}