{
    "Name": "Pound Cake",
    "Description": "A rich, buttery slice of cake. Goes great with coffee.",
    "Category": "Cooking",
    "Edibility": 35,
    "EdibleIsDrink": false,
    "EdibleBuffs": null,
    "Price": 350,
    "IsColored": false,
    "Recipe":
    {
        "ResultCount": 1,
        "Ingredients": [
        {
            "Object": "Butter",
            "Count": 1,
        },
        {
            "Object": 245,
            "Count": 1,
        },
        {
            "Object": -5,
            "Count": 2,
        }],
        "CanPurchase": true,
        "PurchaseFrom": "Gus",
        "PurchasePrice": 500,
        "PurchaseRequirements": null,
    },
    "NameLocalization":
    {
        "es": "Bizcocho",
         // "ko": "",
        "de": "Pfund Kuchen",
         // "fr": "",
         // "hu": "",
         // "it": "",
         // "ja": "",
         // "pt": "",
         // "ru": "",
         // "tr": "",
        "zh": "磅蛋糕",
    },
    "DescriptionLocalization":
    {
        "es": "Una rica rebanada de pastel mantecosa. Queda muy bien con café.",
         // "ko": "",
        "de": "Ein reichhaltiges, butterartiges Stück Kuchen. Passt hervorragend zum Kaffee.",
         // "fr": "",
         // "hu": "",
         // "it": "",
         // "ja": "",
         // "pt": "",
         // "ru": "",
         // "tr": "",
        "zh": "又叫“四分之一蛋糕”，一块丰盛的奶油蛋糕。与咖啡搭配食用效果很好。",
    }
}