{
    "Name": "Dried Flower",
    "Description": "A bundle of dried flowers.",
    "Category": "ArtisanGoods",
    "Edibility": -300,
    "Price": 175,
    "IsColored": false,
    "Recipe": null,
    "GiftTastes":
    {
        "Like": ["Abigail", "Alex", "Caroline", "Clint", "Demetrius", "Dwarf", "Elliott", "Emily", "Evelyn", "George", "Gus", "Haley", "Harvey", "Jodi", "Kent", "Leah", "Lewis", "Linus", "Marnie", "Maru", "Pam", "Penny", "Pierre", "Robin", "Sam", "Sandy", "Sebastian", "Shane", "Wizard"],
        "Dislike": ["Jas", "Krobus", "Vincent", "Willy"],
    },
    "NameLocalization":
    {
        "es": "Flores secas",
         // "ko": "",
        "de": "Getrocknete Blume",
         // "fr": "",
         // "hu": "",
         // "it": "",
         // "ja": "",
         // "pt": "",
         // "ru": "",
         // "tr": "",
        "zh": "干花",
    },
    "DescriptionLocalization":
    {
        "es": "Un paquete de flores secas.",
         // "ko": "",
        "de": "Ein Bündel getrocknete Blumen.",
         // "fr": "",
         // "hu": "",
         // "it": "",
         // "ja": "",
         // "pt": "",
         // "ru": "",
         // "tr": "",
        "zh": "一束干花。",
    }
}