{
    "Format": "1.11",
    "Changes": [
    {
        "Action": "EditData",
        "Target": "Data/ObjectContextTags",
        "Entries":
        {
            "Common Mushroom": "color_dark_brown, forage_item, season_spring, season_fall, mushroom_item",
            "Red Mushroom": "color_red, forage_item, season_summer, season_fall, forage_item_mines, forage_item_secret, mushroom_item",
            "Purple Mushroom": "color_purple, forage_item, forage_item_mines, mushroom_item",
            "Chanterelle": "color_brown, forage_item, forage_item_cave, forage_item_secret, season_fall, mushroom_item",
            "Morel": "color_brown, forage_item, forage_item_secret, forage_item_cave, season_spring, mushroom_item",
            "Cheese": "color_yellow, cheese_item",
            "Goat Cheese": "color_yellow, cheese_item",
        },
    }]
}