{
    "Name": "Chocolate Ice Cream",
    "Description": "Can't go wrong with chocolate ice cream!",
    "Category": "ArtisanGoods",
    "Edibility": 56,
    "Price": 260,
    "IsColored": false,
    "Recipe": null,
    "GiftTastes":
    {
        "Love": ["Vincent", "Jas", "Haley", "Demetrius"],
        "Like": ["Evelyn", "Caroline", "Jodi", "Linus", "Penny", "Sandy", "Clint", "George", "Sebastian", "Abigial", "Alex", "Dwarf", "Elliott", "Gus", "Harvey", "Kent", "Lewis", "Maru", "Pam", "Pierre", "Robin", "Sam", "Shane", "Wizard", "Marnie"],
        "Dislike": ["Emily", "Leah", "Krobus", "Willy"]
    },
    "NameLocalization":
    {
        "es": "Helado de chocolate",
         // "ko": "",
        "de": "Schokoladeneiscreme",
         // "fr": "",
         // "hu": "",
         // "it": "",
         // "ja": "",
         // "pt": "",
         // "ru": "",
         // "tr": "",
        "zh": "巧克力冰淇淋",
    },
    "DescriptionLocalization":
    {
        "es": "¡No te puedes equivocar con el helado de chocolate!",
         // "ko": "",
        "de": "Kann mit Schokoladeneiscreme nicht schief gehen!",
         // "fr": "",
         // "hu": "",
         // "it": "",
         // "ja": "",
         // "pt": "",
         // "ru": "",
         // "tr": "",
        "zh": "绝对不能错过巧克力冰淇淋！",
    }
}