{
    "Name": "Olive Oil",
    "Description": "A light vegetable oil often used for salads.",
    "Category": "ArtisanGoods",
    "Edibility": -300,
    "Price": 175,
    "IsColored": false,
    "Recipe": null,
    "GiftTastes":
    {
        "Neutral": ["Leah"],
        "Dislike": ["Abigail", "Alex", "Caroline", "Clint", "Demetrius", "Dwarf", "Elliott", "Emily", "George", "Gus", "Evelyn", "Jodi", "Kent", "Lewis", "Marnie", "Maru", "Penny", "Pierre", "Robin", "Sam", "Sandy", "Sebastian", "Shane", "Wizard", "Haley", "Harvey", "Linus"],
        "Hate": ["Jas", "Vincent", "Pam", "Krobus", "Willy"],
    },
    "NameLocalization":
    {
        "es": "Aceite de oliva",
         // "ko": "",
        "de": "Olivenöl",
         // "fr": "",
         // "hu": "",
         // "it": "",
         // "ja": "",
         // "pt": "",
         // "ru": "",
         // "tr": "",
        "zh": "橄榄油",
    },
    "DescriptionLocalization":
    {
        "es": "Un aceite vegetal ligero, usualmente utilizado en ensaladas.",
         // "ko": "",
        "de": "Ein leichtes Pflanzenöl, das oft für Salate verwendet wird.",
         // "fr": "",
         // "hu": "",
         // "it": "",
         // "ja": "",
         // "pt": "",
         // "ru": "",
         // "tr": "",
        "zh": "一种常用于沙拉的植物油。",
    }
}