{
    "Name": "Corn Flour",
    "Description": "A cooking ingredient made from milled corn.",
    "Category": "ArtisanGoods",
    "Edibility": 6,
    "Price": 150,
    "IsColored": false,
    "Recipe": null,
    "GiftTastes":
    {
        "Dislike": ["Abigail", "Alex", "Caroline", "Clint", "Demetrius", "Dwarf", "Elliott", "Emily", "Evelyn", "George", "Gus", "Haley", "Harvey", "Jas", "Jodi", "Kent", "Krobus", "Leah", "Lewis", "Linus", "Marnie", "Maru", "Pam", "Penny", "Pierre", "Robin", "Sam", "Sandy", "Sebastian", "Shane", "Vincent", "Willy", "Wizard"],
    },
    "NameLocalization":
    {
        "es": "Harina de maíz",
         // "ko": "",
        "de": "Maismehl",
         // "fr": "",
         // "hu": "",
         // "it": "",
         // "ja": "",
         // "pt": "",
         // "ru": "",
         // "tr": "",
        "zh": "玉米粉",
    },
    "DescriptionLocalization":
    {
        "es": "Un ingrediente hecho de maíz molido que se usa para cocinar.",
         // "ko": "",
        "de": "Ein Kochzutat aus gemahlenem Mais.",
         // "fr": "",
         // "hu": "",
         // "it": "",
         // "ja": "",
         // "pt": "",
         // "ru": "",
         // "tr": "",
        "zh": "一种由磨碎的玉米制成的烹饪原料。",
    }
}