{
    "Name": "Hazelnut Butter",
    "Description": "An irresistible, chocolate-flavored spread.",
    "Category": "ArtisanGoods",
    "Edibility": 18,
    "Price": 175,
    "IsColored": false,
    "Recipe": null,
    "GiftTastes":
    {
        "Like": ["Harvey", "Leah", "Linus", "Jas", "Vincent"],
        "Neutral": ["Abigail", "Alex", "Caroline", "Clint", "Demetrius", "Elliott", "Emily", "George", "Gus", "Evelyn", "Jodi", "Kent", "Lewis", "Marnie", "Maru", "Pam", "Penny", "Pierre", "Robin", "Sam", "Sandy", "Shane", "Haley"],
        "Dislike": ["Dwarf", "Krobus", "Sebastian", "Willy", "Wizard"],
    },
    "NameLocalization":
    {
        "es": "Mantequilla de avellana",
         // "ko": "",
        "de": "Haselnussbutter",
         // "fr": "",
         // "hu": "",
         // "it": "",
         // "ja": "",
         // "pt": "",
         // "ru": "",
         // "tr": "",
        "zh": "榛子奶油",
    },
    "DescriptionLocalization":
    {
        "es": "Una irresistible mantequilla de avellanas.",
         // "ko": "",
        "de": "Ein unwiderstehlicher Brotaufstrich.",
         // "fr": "",
         // "hu": "",
         // "it": "",
         // "ja": "",
         // "pt": "",
         // "ru": "",
         // "tr": "",
        "zh": "令人无法拒绝的巧克力味弥散在空中。",
    }
}