{
    "Name": "Sesame Oil",
    "Description": "An oil pressed from sesame seeds.",
    "Category": "ArtisanGoods",
    "Edibility": -300,
    "Price": 200,
    "IsColored": false,
    "Recipe": null,
    "GiftTastes":
    {
        "Neutral": ["Abigail", "Alex", "Caroline", "Clint", "Demetrius", "Dwarf", "Elliott", "Emily", "Evelyn", "George", "Gus", "Haley", "Harvey", "Jas", "Jodi", "Kent", "Krobus", "Leah", "Lewis", "Linus", "Marnie", "Maru", "Pam", "Penny", "Pierre", "Robin", "Sam", "Sandy", "Sebastian", "Shane", "Vincent", "Willy", "Wizard"],
    },
    "NameLocalization":
    {
        "es": "Aceite de ajonjolí",
         // "ko": "",
        "de": "Sesamöl",
         // "fr": "",
         // "hu": "",
         // "it": "",
         // "ja": "",
         // "pt": "",
         // "ru": "",
         // "tr": "",
        "zh": "芝麻油",
    },
    "DescriptionLocalization":
    {
        "es": "Aceite hecho con semillas de ajonjolí.",
         // "ko": "",
        "de": "Ein Öl aus Sesamsamen.",
         // "fr": "",
         // "hu": "",
         // "it": "",
         // "ja": "",
         // "pt": "",
         // "ru": "",
         // "tr": "",
        "zh": "一种用芝麻籽压榨的油。",
    }
}