{
    "Name": "Kombucha",
    "Description": "A tea-like drink made from fermented mushrooms. ",
    "Category": "ArtisanGoods",
    "Edibility": 6,
    "EdibleIsDrink": true,
    "Price": 150,
    "IsColored": false,
    "Recipe": null,
    "GiftTastes":
    {
        "Love": ["Sebastian"],
        "Like": ["Alex", "Caroline", "Clint", "Demetrius", "Dwarf", "Elliott", "Emily", "Evelyn", "George", "Gus", "Harvey", "Jodi", "Kent", "Leah", "Lewis", "Linus", "Marnie", "Maru", "Pam", "Penny", "Pierre", "Robin", "Sam", "Sandy", "Shane", "Willy", "Wizard"],
        "Dislike": ["Abigail", "Haley", "Jas", "Krobus", "Vincent"],
    },
    "NameLocalization":
    {
        "es": "Kombucha",
        "ko": "",
        "de": "Kombucha",
        "fr": "",
        "hu": "",
        "it": "",
        "ja": "",
        "pt": "",
        "ru": "",
        "tr": "",
        "zh": "普通蘑菇康普茶",
    },
    "DescriptionLocalization":
    {
        "es": "Una bebida parecida al té hecha de setas fermentadas.",
        "ko": "",
        "de": "Ein Tee-ähnliches Getränk aus fermentierten Pilzen.",
        "fr": "",
        "hu": "",
        "it": "",
        "ja": "",
        "pt": "",
        "ru": "",
        "tr": "",
        "zh": "一种类似茶的饮料，由发酵的普通蘑菇制成。",
    }
}