{
// Each line is a configuration done with an "identifier" and an "aging rate".
// Identifiers can be an object's Id, an object's Category or an object's Name.
// To calculate the amount of days it take to age an object, divide 56 by the aging rate. That's the number of days to age from no quality to iridium quality.
// Gold quality is half that value, and silver quality is one quarter of that value.
	"342": 2.67, //Example with Id.
	"-5": 2.0, //Example with Category. It's always a negative numbers.
	"Salmon": 4.0, //Example with Name. It's required for json assets objects, since you can't know the Id it will choose for each mod user.

	// Traditional Alcohols

	"Amaretto": 1.0,
	"Bourbon": 1.0,
	"Brandy": 1.0,
	"Gin": 1.0,
	"Mezcal": 1.0,
	"Moonshine": 1.0,
	"Rum": 1.0,
	"Scotch": 1.0,
	"Shochu": 1.0,
	"Tequila": 1.0,
	"Vermouth": 1.0,
	"Vodka": 1.0,
	"Whiskey": 1.0,

	// Keg Alcohols

	"Cauim": 4.0,
	"Dark Ale": 4.0,
	"Hard Apple Cider": 4.0,
	"Perry": 4.0,
	"Porter": 4.0,
	"Pulque": 4.0,
	"Sake": 2.0,
	"Stout": 4.0,
	"Umeshu": 4.0,

} //More info on the mod's description page.