{
    "Name": "Lucky Purple Mayonnaise",
    "Description": "I hope you used an item spawner.",
    "Category": "ArtisanGoods",
    "Edibility": -300,
    "EdibleIsDrink": false,
    "Price": 285,
    "IsColored": false,
    "Recipe": null,
    "GiftTastes":
    {
        "Neutral": ["Demetrius", "Elliott", "Harvey", "Jas", "Jodi", "Kent", "Pam", "Robin", "Sandy", "Shane", "Vincent", "Haley", "Linus", "Alex", "Caroline", "Clint", "Emily", "Evelyn", "George", "Gus", "Maru", "Penny", "Pierre", "Sam", "Sebastian", "Wizard", "Abigail", "Dwarf"],
        "Dislike": ["Marnie"],
        "Hate": ["Lewis"]
    },
    "NameLocalization":
    {
        "es": "Mayonesa morada suertuda",
         // "ko": "",
        "de": "Lucky Purple Mayonnaise",
         // "fr": "",
         // "hu": "",
         // "it": "",
         // "ja": "",
         // "pt": "",
         // "ru": "",
         // "tr": "",
        "zh": "幸运的紫色蛋黄酱",
    },
    "DescriptionLocalization":
    {
        "es": "Espero que hayas usado un elemento limpio.",
         // "ko": "",
        "de": "Ich hoffe, du hast einen Item-Spawner benutzt.",
         // "fr": "",
         // "hu": "",
         // "it": "",
         // "ja": "",
         // "pt": "",
         // "ru": "",
         // "tr": "",
        "zh": "我希望你用点能正常放入鸡舍孵化器里的东西来制作.....",
    }
}