{
    "Name": "Sunflower Butter",
    "Description": "A peanut butter substitute with a sunny flavor.",
    "Category": "ArtisanGoods",
    "Edibility": 26,
    "Price": 120,
    "IsColored": false,
    "Recipe": null,
    "GiftTastes":
    {
        "Love": ["Haley"],
        "Like": ["Gus"],
        "Neutral": ["Abigial", "Alex", "Caroline", "Demetrius", "Dwarf", "Elliott", "Emily", "Evelyn", "Harvey", "Jas", "Jodi", "Kent", "Krobus", "Leah", "Lewis", "Linus", "Marnie", "Maru", "Pam", "Penny", "Pierre", "Robin", "Sam", "Sandy", "Shane", "Vincent", "Willy", "Wizard"],
        "Hate": ["Clint", "George", "Sebastian"]
    },
    "NameLocalization":
    {
        "es": "Mantequilla de girasol",
         // "ko": "",
        "de": "Sonnenblumebutter",
         // "fr": "",
         // "hu": "",
         // "it": "",
         // "ja": "",
         // "pt": "",
         // "ru": "",
         // "tr": "",
        "zh": "向日葵黄油",
    },
    "DescriptionLocalization":
    {
        "es": "Un sustituto de la mantequilla de maní con un sabor soleado.",
         // "ko": "",
        "de": "Ein Erdnussbutter-Ersatz mit einem sonnigen Geschmack.",
         // "fr": "",
         // "hu": "",
         // "it": "",
         // "ja": "",
         // "pt": "",
         // "ru": "",
         // "tr": "",
        "zh": "一种带有阳光气息的花生酱替代品。",
    }
}