{
  "Name": "Earl Grey Kombucha",
  "Description": "A non-traditional Kombucha made with Earl Grey Tea.",
  "Category": "ArtisanGoods",
  "Edibility": 34,
  "EdibleIsDrink": true,
  "Price": 760,
  "IsColored": false,
  "Recipe": null,
  "GiftTastes": {
	"Love": ["Harvey", "Sebastian"],
	"Like": ["Abigail", "Alex", "Caroline", "Clint", "Demetrius", "Dwarf", "Elliott", "Emily", "Evelyn", "George", "Gus", "Haley", "Jas", "Jodi", "Kent", "Krobus", "Leah", "Lewis", "Linus", "Marnie", "Maru", "Pam", "Penny", "Pierre", "Robin", "Sam", "Sandy", "Shane", "Vincent", "Willy", "Wizard"],
  },
  "NameLocalization":
    {
         // "es": "",
         // "ko": "",
         // "de": "",
         // "fr": "",
         // "hu": "",
         // "it": "",
         // "ja": "",
         // "pt": "",
         // "ru": "",
         // "tr": "",
        "zh": "格雷伯爵康普茶",
    },
    "DescriptionLocalization":
    {
         // "es": "",
         // "ko": "",
         // "de": "",
         // "fr": "",
         // "hu": "",
         // "it": "",
         // "ja": "",
         // "pt": "",
         // "ru": "",
         // "tr": "",
        "zh": "格雷伯爵红茶经发酵制成，一种非传统的康普茶。",
    }
}
