{
    "Name": "Cappuccino",
    "Description": "The foamed milk creates a lovely pattern on the surface.",
    "Category": "ArtisanGoods",
    "Edibility": 30,
    "EdibleIsDrink": true,
    "EdibleBuffs":
    {
        "Farming": 0,
        "Fishing": 0,
        "Mining": 0,
        "Luck": 0,
        "Foraging": 0,
        "MaxStamina": 0,
        "MagnetRadius": 0,
        "Speed": 1,
        "Defense": 0,
        "Attack": 0,
        "Duration": 180,
    },
    "Price": 500,
    "IsColored": false,
    "Recipe": null,
    "NameLocalization":
    {
        "es": "Capuchino",
         // "ko": "",
        "de": "Cappuccino",
         // "fr": "",
         // "hu": "",
         // "it": "",
         // "ja": "",
         // "pt": "",
         // "ru": "",
         // "tr": "",
        "zh": "卡布奇诺咖啡",
    },
    "DescriptionLocalization":
    {
        "es": "La leche espumada crea un patrón encantador en la superficie.",
         // "ko": "",
        "de": "Die geschäumte Milch erzeugt ein schönes Muster auf der Oberfläche.",
         // "fr": "",
         // "hu": "",
         // "it": "",
         // "ja": "",
         // "pt": "",
         // "ru": "",
         // "tr": "",
        "zh": "泡沫牛奶在咖啡表面形成漂亮的图案。",
    }
}