{
    "Name": "Vanilla Latte",
    "Description": "Fresh, fragrant vanilla in a classic beverage.",
    "Category": "ArtisanGoods",
    "Edibility": 30,
    "EdibleIsDrink": true,
    "EdibleBuffs":
    {
        "Farming": 0,
        "Fishing": 0,
        "Mining": 0,
        "Luck": 0,
        "Foraging": 0,
        "MaxStamina": 0,
        "MagnetRadius": 0,
        "Speed": 1,
        "Defense": 0,
        "Attack": 0,
        "Duration": 180,
    },
    "Price": 450,
    "IsColored": false,
    "Recipe": null,
    "NameLocalization":
    {
        "es": "Latte de vainilla",
         // "ko": "",
        "de": "Vanille Latte",
         // "fr": "",
         // "hu": "",
         // "it": "",
         // "ja": "",
         // "pt": "",
         // "ru": "",
         // "tr": "",
        "zh": "香草拿铁",
    },
    "DescriptionLocalization":
    {
        "es": "Fresca, permufada vainilla en una bebida clásica.",
         // "ko": "",
        "de": "Frische, duftende Vanille in einem klassischen Getränk.",
         // "fr": "",
         // "hu": "",
         // "it": "",
         // "ja": "",
         // "pt": "",
         // "ru": "",
         // "tr": "",
        "zh": "加入了新鲜芬芳的香草的经典饮品。",
    }
}