{
  "Name": "Morel Kombucha",
  "Description": "A uniquely nutty tea-like drink made from fermented mushrooms.",
  "Category": "ArtisanGoods",
  "Edibility": 6,
  "EdibleIsDrink": true,
  "Price": 200,
  "IsColored": false,
  "Recipe": null,
  "GiftTastes": {
	"Love": ["Sebastian"],
	"Like": ["Alex", "Caroline", "Clint", "Demetrius", "Dwarf", "Elliott", "Emily", "Evelyn", "George", "Gus", "Harvey", "Jodi", "Kent", "Leah", "Lewis", "Linus", "Marnie", "Maru", "Pam", "Penny", "Pierre", "Robin", "Sam", "Sandy", "Shane", "Willy", "Wizard"],
	"Dislike": ["Abigail", "Haley", "Jas", "Krobus", "Vincent"],
  },
  "NameLocalization":
    {
         // "es": "",
         // "ko": "",
         // "de": "",
         // "fr": "",
         // "hu": "",
         // "it": "",
         // "ja": "",
         // "pt": "",
         // "ru": "",
         // "tr": "",
        "zh": "龙葵康普茶",
    },
    "DescriptionLocalization":
    {
         // "es": "",
         // "ko": "",
         // "de": "",
         // "fr": "",
         // "hu": "",
         // "it": "",
         // "ja": "",
         // "pt": "",
         // "ru": "",
         // "tr": "",
        "zh": "一种独特的坚果味的饮料，由发酵的龙葵制成。",
    }
}
