{
    "Name": "Biscotti",
    "Description": "A crumbly, crunchy treat topped with chocolate.",
    "Category": "Cooking",
    "Edibility": 36,
    "EdibleIsDrink": false,
    "EdibleBuffs": null,
    "Price": 800,
    "IsColored": false,
    "Recipe":
    {
        "ResultCount": 1,
        "Ingredients": [
        {
            "Object": "Almond",
            "Count": 1,
        },
        {
            "Object": "Chocolate",
            "Count": 1,
        },
        {
            "Object": 246,
            "Count": 1,
        },
        {
            "Object": 245,
            "Count": 1,
        },
        {
            "Object": -5,
            "Count": 1,
        }],
        "CanPurchase": true,
        "PurchaseFrom": "Gus",
        "PurchasePrice": 400,
        "PurchaseRequirements": null,
    },
    "NameLocalization":
    {
        "es": "Cantuccini",
         // "ko": "",
        "de": "Biscotti",
         // "fr": "",
         // "hu": "",
         // "it": "",
         // "ja": "",
         // "pt": "",
         // "ru": "",
         // "tr": "",
        "zh": "比斯科蒂饼干",
    },
    "DescriptionLocalization":
    {
        "es": "Una golosina con chocolate desmenuzable y crujiente.",
         // "ko": "",
        "de": "Ein bröckeliger, knuspriger Leckerbissen mit Schokoladenüberzug.",
         // "fr": "",
         // "hu": "",
         // "it": "",
         // "ja": "",
         // "pt": "",
         // "ru": "",
         // "tr": "",
        "zh": "意大利的传统饼干，上面放有巧克力，口感松脆坚硬。",
    }
}