{
    "Name": "Dried Fruit",
    "Description": "A box of dehydrated fruit.",
    "Category": "ArtisanGoods",
    "Edibility": 8,
    "Price": 200,
    "IsColored": false,
    "Recipe": null,
    "GiftTastes":
    {
        "Like": ["Alex", "Caroline", "Clint", "Demetrius", "Dwarf", "Elliott", "Emily", "Evelyn", "George", "Gus", "Harvey", "Jodi", "Kent", "Krobus", "Leah", "Lewis", "Linus", "Marnie", "Maru", "Pam", "Penny", "Pierre", "Robin", "Sam", "Sandy", "Sebastian", "Shane", "Willy", "Wizard"],
        "Dislike": ["Abigail", "Haley", "Jas", "Vincent"],
    },
    "NameLocalization":
    {
        "es": "Fruta seca",
         // "ko": "",
        "de": "Trockenfrüchte",
         // "fr": "",
         // "hu": "",
         // "it": "",
         // "ja": "",
         // "pt": "",
         // "ru": "",
         // "tr": "",
        "zh": "水果干",
    },
    "DescriptionLocalization":
    {
        "es": "Una caja de fruta deshidratada.",
         // "ko": "",
        "de": "Eine Schachtel mit getrockneten Früchten.",
         // "fr": "",
         // "hu": "",
         // "it": "",
         // "ja": "",
         // "pt": "",
         // "ru": "",
         // "tr": "",
        "zh": "一盒水果干。",
    }
}