{
    "Name": "Kefir",
    "Description": "Made from sheep or goat milk and a kefir yeast. It's creamy.",
    "Category": "ArtisanGoods",
    "Edibility": 34,
    "EdibleIsDrink": true,
    "Price": 200,
    "IsColored": false,
    "Recipe": null,
    "GiftTastes":
    {
        "Like": ["Abigail", "Alex", "Caroline", "Clint", "Demetrius", "Dwarf", "Elliott", "Emily", "Evelyn", "Gus", "Haley", "Harvey", "Jodi", "Krobus", "Leah", "Lewis", "Linus", "Marnie", "Maru", "Pam", "Penny", "Pierre", "Robin", "Sam", "Sandy", "Shane", "Willy", "Wizard"],
        "Dislike": ["George"],
        "Hate": ["Jas", "Kent", "Sebastian", "Vincent"],
    },
    "NameLocalization":
    {
        "es": "Kéfir",
         // "ko": "",
        "de": "Kefir",
         // "fr": "",
         // "hu": "",
         // "it": "",
         // "ja": "",
         // "pt": "",
         // "ru": "",
         // "tr": "",
        "zh": "开菲尔酸奶",
    },
    "DescriptionLocalization":
    {
        "es": "Un cremoso yogur elaborado con leche de cabra o de oveja, con un poco de levadura kéfir.",
         // "ko": "",
        "de": "Hergestellt aus Schafs- oder Ziegenmilch und der Kefirhefe. Es ist cremig.",
         // "fr": "",
         // "hu": "",
         // "it": "",
         // "ja": "",
         // "pt": "",
         // "ru": "",
         // "tr": "",
        "zh": "用羊奶或山羊奶混入开菲尔酵母制成。这种酸奶有奶油的口感。",
    }
}