{
    "Name": "Jalapeno Extract",
    "Description": "This liquid has been extracted from a pepper.",
    "Category": "ArtisanGoods",
    "Edibility": -300,
    "Price": 500,
    "IsColored": false,
    "Recipe": null,
    "GiftTastes":
    {
        "Love": ["Krobus", "Shane"],
        "Like": ["Abigail", "George", "Gus", "Kent", "Sam", "Sandy", "Sebastian"],
        "Neutral": ["Alex", "Clint", "Demetrius", "Dwarf", "Emily", "Leah", "Linus", "Marnie", "Maru", "Pam", "Penny", "Robin", "Willy", "Wizard"],
        "Dislike": ["Caroline", "Elliott", "Haley", "Harvey", "Jodi", "Lewis"],
        "Hate": ["Evelyn", "Jas", "Pierre", "Vincent"],
    },
    "NameLocalization":
    {
        "es": "Extracto de jalapeño",
         // "ko": "",
        "de": "Jalapeno-Extrakt",
         // "fr": "",
         // "hu": "",
         // "it": "",
         // "ja": "",
         // "pt": "",
         // "ru": "",
         // "tr": "",
        "zh": "墨西哥辣椒提取液",
    },
    "DescriptionLocalization":
    {
        "es": "Este líquido ha sido extraído de un jalapeño.",
         // "ko": "",
        "de": "Diese Flüssigkeit wurde aus Jalapenos extrahiert.",
         // "fr": "",
         // "hu": "",
         // "it": "",
         // "ja": "",
         // "pt": "",
         // "ru": "",
         // "tr": "",
        "zh": "这种液体是从墨西哥辣椒中提取出来的。",
    }
}