{
    "Name": "Black Pepper Mayonnaise",
    "Description": "It looks like normal mayonnaise but with black pepper.",
    "Category": "ArtisanGoods",
    "Edibility": -300,
    "Price": 260,
    "IsColored": false,
    "Recipe": null,
    "GiftTastes":
    {
        "Like": ["Abigail", "Alex", "Clint", "Demetrius", "Dwarf", "Elliott", "Emily", "Evelyn", "George", "Gus", "Haley", "Harvey", "Jodi", "Kent", "Krobus", "Leah", "Lewis", "Linus", "Marnie", "Maru", "Pam", "Penny", "Pierre", "Robin", "Sandy", "Shane", "Willy", "Wizard"],
        "Dislike": ["Caroline"],
        "Hate": ["Jas", "Sam", "Sebastian", "Vincent"],
    },
    "NameLocalization":
    {
        "es": "Mayonesa de pimienta negra",
         // "ko": "",
        "de": "Pfeffer Mayonnaise",
         // "fr": "",
         // "hu": "",
         // "it": "",
         // "ja": "",
         // "pt": "",
         // "ru": "",
         // "tr": "",
        "zh": "黑胡椒蛋黄酱",
    },
    "DescriptionLocalization":
    {
        "es": "Parece una mayonesa normal pero con pimienta negra.",
         // "ko": "",
        "de": "Es sieht aus wie normale Mayonnaise, aber mit schwarzem Pfeffer.",
         // "fr": "",
         // "hu": "",
         // "it": "",
         // "ja": "",
         // "pt": "",
         // "ru": "",
         // "tr": "",
        "zh": "它看起来就是普通的蛋黄酱，只是洒满了黑胡椒。",
    }
}