{
    "Name": "Pumpkin Spice Latte",
    "Description": "An autumn favorite. Generally popular with young women, but can be a subject of controversy.",
    "Category": "ArtisanGoods",
    "Edibility": 30,
    "EdibleIsDrink": true,
    "EdibleBuffs":
    {
        "Farming": 0,
        "Fishing": 0,
        "Mining": 0,
        "Luck": 0,
        "Foraging": 0,
        "MaxStamina": 0,
        "MagnetRadius": 0,
        "Speed": 1,
        "Defense": 0,
        "Attack": 0,
        "Duration": 180,
    },
    "Price": 800,
    "IsColored": false,
    "Recipe": null,
    "NameLocalization":
    {
        "es": "Latte de especias y calabaza",
         // "ko": "",
        "de": "Kürbisgewürz Latte",
         // "fr": "",
         // "hu": "",
         // "it": "",
         // "ja": "",
         // "pt": "",
         // "ru": "",
         // "tr": "",
        "zh": "南瓜香味拿铁",
    },
    "DescriptionLocalization":
    {
        "es": "Un favorito en otoño. Generalmente popular entre mujers jóvenes, pero puede ser un tema de controversia.",
         // "ko": "",
        "de": "Ein Herbstliebling. Generell beliebt bei jungen Frauen, kann aber Gegenstand von Kontroversen sein.",
         // "fr": "",
         // "hu": "",
         // "it": "",
         // "ja": "",
         // "pt": "",
         // "ru": "",
         // "tr": "",
        "zh": "秋天的最爱。通常在年轻女性中很受欢迎，但可能会引起争议。",
    }
}